Time,IMU1_xt,IMU1_yt,IMU1_zt,IMU1_xr,IMU1_yr,IMU1_zr,IMU2_xt,IMU2_yt,IMU2_zt,IMU2_xr,IMU2_yr,IMU2_zr,EMG1,EMG2,EMG3,EMG4
0.005,-0.15,0.02,-0.04,0.00,0.00,-0.00,0.00,0.00,0.00,0.00,0.00,0.00,1,2,3,4
0.015,-0.17,0.00,-0.04,0.00,0.00,-0.00,0.00,0.00,0.00,0.00,0.00,0.00,1,2,3,4
0.026,-0.17,0.02,-0.06,-0.00,0.00,0.00,0.00,0.00,0.00,0.00,0.00,0.00,1,2,3,4
0.036,-0.17,0.01,-0.04,-0.00,-0.00,0.00,0.00,0.00,0.00,0.00,0.00,0.00,1,2,3,4
0.046,-0.17,0.02,-0.06,0.00,0.00,0.00,0.00,0.00,0.00,0.00,0.00,0.00,1,2,3,4
0.056,-0.18,0.01,-0.04,0.00,-0.00,0.00,0.00,0.00,0.00,0.00,0.00,0.00,1,2,3,4
0.066,-0.17,0.03,-0.06,0.00,-0.00,0.00,0.00,0.00,0.00,0.00,0.00,0.00,1,2,3,4
0.076,-0.18,0.02,-0.07,0.00,0.00,0.00,0.00,0.00,0.00,0.00,0.00,0.00,1,2,3,4
0.086,-0.17,0.00,-0.07,0.00,-0.00,-0.00,0.00,0.00,0.00,0.00,0.00,0.00,1,2,3,4
0.096,-0.16,0.01,-0.04,0.00,-0.00,0.00,0.00,0.00,0.00,0.00,0.00,0.00,1,2,3,4
0.105,-0.16,0.03,-0.05,0.00,-0.00,-0.00,0.00,0.00,0.00,0.00,0.00,0.00,1,2,3,4
0.116,-0.18,0.02,-0.06,0.00,0.00,0.00,0.00,0.00,0.00,0.00,0.00,0.00,1,2,3,4
0.126,-0.17,0.02,-0.06,0.00,-0.00,0.00,0.00,0.00,0.00,0.00,0.00,0.00,1,2,3,4
0.136,-0.16,0.02,-0.07,0.00,0.00,0.00,0.00,0.00,0.00,0.00,0.00,0.00,1,2,3,4
0.146,-0.17,0.01,-0.03,0.00,-0.00,0.00,0.00,0.00,0.00,0.00,0.00,0.00,1,2,3,4
0.156,-0.19,0.02,-0.04,-0.00,-0.00,0.00,0.00,0.00,0.00,0.00,0.00,0.00,1,2,3,4
0.166,-0.14,0.00,-0.06,0.00,-0.00,0.00,0.00,0.00,0.00,0.00,0.00,0.00,1,2,3,4
0.176,-0.19,0.01,-0.06,0.00,-0.00,0.00,0.00,0.00,0.00,0.00,0.00,0.00,1,2,3,4
0.186,-0.18,0.00,-0.06,0.00,-0.00,0.00,0.00,0.00,0.00,0.00,0.00,0.00,1,2,3,4
0.196,-0.17,0.01,-0.05,0.00,0.00,0.00,0.00,0.00,0.00,0.00,0.00,0.00,1,2,3,4
0.206,-0.16,0.03,-0.04,0.00,0.00,0.00,0.00,0.00,0.00,0.00,0.00,0.00,1,2,3,4
0.216,-0.17,0.02,-0.04,0.00,-0.00,-0.00,0.00,0.00,0.00,0.00,0.00,0.00,1,2,3,4
0.226,-0.18,0.01,-0.07,0.00,0.00,-0.00,0.00,0.00,0.00,0.00,0.00,0.00,1,2,3,4
0.237,-0.18,0.04,-0.05,0.00,0.00,0.00,0.00,0.00,0.00,0.00,0.00,0.00,1,2,3,4
0.246,-0.14,0.02,-0.06,-0.00,-0.00,0.00,0.00,0.00,0.00,0.00,0.00,0.00,1,2,3,4
0.256,-0.15,0.03,-0.03,0.00,0.00,0.00,0.00,0.00,0.00,0.00,0.00,0.00,1,2,3,4
0.266,-0.17,0.04,-0.06,0.00,-0.00,-0.00,0.00,0.00,0.00,0.00,0.00,0.00,1,2,3,4
0.275,-0.18,0.01,-0.09,0.00,0.00,0.00,0.00,0.00,0.00,0.00,0.00,0.00,1,2,3,4
0.286,-0.18,0.02,-0.03,0.00,-0.00,0.00,0.00,0.00,0.00,0.00,0.00,0.00,1,2,3,4
0.296,-0.16,-0.01,-0.03,0.00,-0.00,-0.00,0.00,0.00,0.00,0.00,0.00,0.00,1,2,3,4
0.306,-0.16,0.01,-0.04,0.00,-0.00,0.00,0.00,0.00,0.00,0.00,0.00,0.00,1,2,3,4
0.316,-0.18,0.00,-0.05,0.00,-0.00,0.00,0.00,0.00,0.00,0.00,0.00,0.00,1,2,3,4
0.326,-0.19,0.00,-0.07,0.00,0.00,-0.00,0.00,0.00,0.00,0.00,0.00,0.00,1,2,3,4
0.336,-0.18,0.01,-0.05,-0.00,-0.00,0.00,0.00,0.00,0.00,0.00,0.00,0.00,1,2,3,4
0.346,-0.18,0.01,-0.06,0.00,-0.00,-0.00,0.00,0.00,0.00,0.00,0.00,0.00,1,2,3,4
0.356,-0.17,0.02,-0.04,0.00,0.00,0.00,0.00,0.00,0.00,0.00,0.00,0.00,1,2,3,4
0.366,-0.15,0.04,-0.04,0.00,0.00,-0.00,0.00,0.00,0.00,0.00,0.00,0.00,1,2,3,4
0.376,-0.15,0.02,-0.07,0.00,0.00,0.00,0.00,0.00,0.00,0.00,0.00,0.00,1,2,3,4
0.386,-0.18,0.03,-0.05,0.00,-0.00,0.00,0.00,0.00,0.00,0.00,0.00,0.00,1,2,3,4
0.396,-0.16,0.04,-0.05,-0.00,0.00,-0.00,0.00,0.00,0.00,0.00,0.00,0.00,1,2,3,4
0.405,-0.17,0.02,-0.06,0.00,-0.00,0.00,0.00,0.00,0.00,0.00,0.00,0.00,1,2,3,4
0.416,-0.17,0.03,-0.04,0.00,0.00,-0.00,0.00,0.00,0.00,0.00,0.00,0.00,1,2,3,4
0.426,-0.14,0.04,-0.05,0.00,-0.00,0.00,0.00,0.00,0.00,0.00,0.00,0.00,1,2,3,4
0.436,-0.15,0.01,-0.08,0.00,-0.00,0.00,0.00,0.00,0.00,0.00,0.00,0.00,1,2,3,4
0.446,-0.16,0.01,-0.03,0.00,-0.00,0.00,0.00,0.00,0.00,0.00,0.00,0.00,1,2,3,4
0.458,-0.16,0.02,-0.06,0.00,0.00,-0.00,0.00,0.00,0.00,0.00,0.00,0.00,1,2,3,4
0.467,-0.16,0.01,-0.08,-0.00,-0.00,0.00,0.00,0.00,0.00,0.00,0.00,0.00,1,2,3,4
0.478,-0.17,0.01,-0.04,0.00,-0.00,0.00,0.00,0.00,0.00,0.00,0.00,0.00,1,2,3,4
0.488,-0.14,0.02,-0.06,0.00,-0.00,0.00,0.00,0.00,0.00,0.00,0.00,-0.00,1,2,3,4
0.499,-0.15,0.03,-0.04,0.00,0.00,-0.00,0.00,0.00,0.00,0.00,0.00,-0.00,1,2,3,4
0.511,-0.16,0.02,-0.03,0.00,0.00,0.00,0.00,0.00,0.00,-0.00,0.00,-0.00,1,2,3,4
0.523,-0.15,0.04,-0.05,0.00,-0.00,-0.00,0.00,0.00,0.00,-0.00,0.00,-0.00,1,2,3,4
0.536,-0.19,0.03,-0.08,-0.00,0.00,0.00,0.00,0.00,0.00,0.00,0.00,-0.00,1,2,3,4
0.546,-0.17,0.02,-0.06,0.00,-0.00,0.00,0.01,-0.15,-0.11,-0.00,0.00,0.00,1,2,3,4
0.556,-0.16,0.01,-0.07,0.00,0.00,-0.00,0.03,-0.16,-0.08,-0.00,-0.00,0.00,1,2,3,4
0.566,-0.16,0.03,-0.04,0.00,-0.00,0.00,0.03,-0.12,-0.08,0.00,-0.00,0.00,1,2,3,4
0.576,-0.18,0.04,-0.06,0.00,-0.00,-0.00,0.02,-0.14,-0.08,-0.00,-0.00,0.00,1,2,3,4
0.587,-0.17,0.01,-0.06,0.00,-0.00,-0.00,0.01,-0.17,-0.07,0.00,-0.00,0.00,1,2,3,4
0.596,-0.16,0.02,-0.03,0.00,0.00,-0.00,0.02,-0.15,-0.06,0.00,-0.00,0.00,1,2,3,4
0.606,-0.19,0.02,-0.05,0.00,0.00,0.00,0.03,-0.16,-0.11,0.00,-0.00,-0.00,1,2,3,4
0.616,-0.17,0.01,-0.05,-0.00,0.00,0.00,0.03,-0.15,-0.10,-0.00,-0.00,0.00,1,2,3,4
0.627,-0.19,0.02,-0.07,-0.00,0.00,0.00,0.03,-0.13,-0.05,-0.00,0.00,0.00,1,2,3,4
0.637,-0.17,0.00,-0.09,0.00,0.00,-0.00,0.01,-0.15,-0.07,-0.00,0.00,-0.00,1,2,3,4
0.646,-0.18,0.03,-0.06,0.00,-0.00,-0.00,0.01,-0.13,-0.06,-0.00,0.00,0.00,1,2,3,4
0.656,-0.18,0.00,-0.06,-0.00,0.00,0.00,0.02,-0.15,-0.07,0.00,0.00,-0.00,1,2,3,4
0.667,-0.18,0.00,-0.01,0.00,0.00,-0.00,0.03,-0.13,-0.08,0.00,0.00,0.00,1,2,3,4
0.677,-0.18,0.02,-0.05,0.00,0.00,0.00,0.04,-0.12,-0.08,-0.00,0.00,-0.00,1,2,3,4
0.687,-0.17,0.03,-0.04,-0.00,-0.00,0.00,0.03,-0.13,-0.08,-0.00,0.00,0.00,1,2,3,4
0.696,-0.17,0.03,-0.03,-0.00,0.00,0.00,0.02,-0.12,-0.07,0.00,0.00,0.00,1,2,3,4
0.707,-0.16,0.00,-0.03,0.00,-0.00,-0.00,0.02,-0.15,-0.10,0.00,0.00,0.00,1,2,3,4
0.717,-0.17,0.00,-0.03,0.00,-0.00,-0.00,0.02,-0.10,-0.06,0.00,-0.00,0.00,1,2,3,4
0.727,-0.17,0.01,-0.07,0.00,0.00,-0.00,0.03,-0.14,-0.05,0.00,0.00,0.00,1,2,3,4
0.737,-0.17,0.02,-0.04,-0.00,-0.00,-0.00,0.03,-0.14,-0.07,-0.00,-0.00,-0.00,1,2,3,4
0.748,-0.15,0.02,-0.05,0.00,0.00,0.00,0.02,-0.14,-0.08,0.00,-0.00,0.00,1,2,3,4
0.757,-0.17,0.01,-0.04,-0.00,0.00,-0.00,0.00,-0.13,-0.09,0.00,-0.00,0.00,1,2,3,4
0.767,-0.16,0.02,-0.06,0.00,0.00,0.00,0.00,-0.13,-0.09,-0.00,-0.00,-0.00,1,2,3,4
0.777,-0.17,0.00,-0.06,-0.00,0.00,0.00,0.03,-0.12,-0.09,0.00,0.00,0.00,1,2,3,4
0.787,-0.18,0.00,-0.04,0.00,-0.00,0.00,0.03,-0.14,-0.08,0.00,0.00,0.00,1,2,3,4
0.798,-0.17,0.00,-0.06,-0.00,-0.00,0.00,0.03,-0.13,-0.08,0.00,-0.00,-0.00,1,2,3,4
0.807,-0.17,0.03,-0.04,0.00,0.00,-0.00,0.02,-0.13,-0.13,0.00,0.00,0.00,1,2,3,4
0.817,-0.17,0.01,-0.06,0.00,0.00,0.00,0.03,-0.14,-0.12,-0.00,-0.00,0.00,1,2,3,4
0.827,-0.17,0.03,-0.06,0.00,-0.00,0.00,0.02,-0.10,-0.10,0.00,0.00,-0.00,1,2,3,4
0.838,-0.17,0.01,-0.04,0.00,0.00,0.00,0.03,-0.11,-0.07,0.00,-0.00,-0.00,1,2,3,4
0.848,-0.18,0.04,-0.05,0.00,0.00,0.00,0.03,-0.12,-0.09,0.00,-0.00,-0.00,1,2,3,4
0.857,-0.16,0.03,-0.05,0.00,0.00,0.00,0.03,-0.14,-0.06,0.00,0.00,-0.00,1,2,3,4
0.867,-0.16,0.01,-0.05,-0.00,0.00,-0.00,0.01,-0.11,-0.07,0.00,0.00,-0.00,1,2,3,4
0.878,-0.18,0.02,-0.09,0.00,0.00,0.00,0.01,-0.10,-0.09,-0.00,0.00,0.00,1,2,3,4
0.888,-0.16,0.03,-0.06,0.00,0.00,-0.00,0.01,-0.15,-0.07,0.00,-0.00,0.00,1,2,3,4
0.898,-0.16,0.02,-0.05,0.00,0.00,-0.00,0.01,-0.12,-0.08,0.00,0.00,0.00,1,2,3,4
0.908,-0.18,0.01,-0.04,-0.00,-0.00,-0.00,0.02,-0.13,-0.06,0.00,0.00,-0.00,1,2,3,4
0.917,-0.17,0.00,-0.07,0.00,-0.00,0.00,0.03,-0.12,-0.09,0.00,-0.00,0.00,1,2,3,4
0.928,-0.18,0.02,-0.07,-0.00,0.00,0.00,0.01,-0.14,-0.07,0.00,-0.00,0.00,1,2,3,4
0.938,-0.19,0.00,-0.05,-0.00,0.00,0.00,0.03,-0.12,-0.08,0.00,0.00,-0.00,1,2,3,4
0.948,-0.14,0.03,-0.05,0.00,0.00,-0.00,0.02,-0.12,-0.08,-0.00,0.00,-0.00,1,2,3,4
0.958,-0.17,0.03,-0.04,-0.00,0.00,0.00,0.01,-0.12,-0.07,0.00,0.00,0.00,1,2,3,4
0.968,-0.17,0.00,-0.06,0.00,-0.00,0.00,0.02,-0.13,-0.08,0.00,0.00,0.00,1,2,3,4
0.979,-0.15,0.02,-0.06,0.00,0.00,-0.00,0.01,-0.13,-0.07,-0.00,-0.00,-0.00,1,2,3,4
0.988,-0.17,0.03,-0.06,0.00,0.00,0.00,0.01,-0.11,-0.07,-0.00,0.00,-0.00,1,2,3,4
0.998,-0.18,0.02,-0.03,0.00,0.00,-0.00,0.03,-0.14,-0.06,0.00,-0.00,0.00,1,2,3,4
1.009,-0.17,0.01,-0.05,0.00,0.00,-0.00,0.01,-0.11,-0.06,-0.00,0.00,-0.00,1,2,3,4
1.019,-0.16,0.03,-0.08,0.00,0.00,-0.00,0.01,-0.09,-0.09,0.00,0.00,-0.00,1,2,3,4
1.029,-0.17,0.02,-0.08,0.00,0.00,0.00,0.01,-0.12,-0.07,0.00,0.00,-0.00,1,2,3,4
1.039,-0.17,0.03,-0.04,-0.00,0.00,0.00,0.00,-0.12,-0.07,0.00,0.00,0.00,1,2,3,4
1.049,-0.16,0.01,-0.04,0.00,0.00,-0.00,0.00,-0.12,-0.07,0.00,0.00,0.00,1,2,3,4
1.059,-0.19,0.01,-0.04,0.00,0.00,0.00,0.02,-0.09,-0.05,0.00,0.00,-0.00,1,2,3,4
1.069,-0.18,0.02,-0.06,0.00,0.00,0.00,0.02,-0.12,-0.07,-0.00,0.00,-0.00,1,2,3,4
1.079,-0.19,0.03,-0.03,0.00,-0.00,-0.00,0.00,-0.13,-0.08,-0.00,0.00,0.00,1,2,3,4
1.090,-0.15,0.02,-0.06,-0.00,0.00,0.00,0.01,-0.11,-0.08,-0.00,0.00,-0.00,1,2,3,4
1.100,-0.18,0.02,-0.06,-0.00,0.00,0.00,0.02,-0.11,-0.09,0.00,0.00,0.00,1,2,3,4
1.109,-0.17,0.01,-0.05,-0.00,0.00,-0.00,0.02,-0.11,-0.08,0.00,0.00,-0.00,1,2,3,4
1.119,-0.17,0.03,-0.06,0.00,-0.00,0.00,0.01,-0.13,-0.08,0.00,0.00,0.00,1,2,3,4
1.129,-0.17,0.03,-0.06,0.00,-0.00,-0.00,0.02,-0.11,-0.07,0.00,0.00,-0.00,1,2,3,4
1.140,-0.16,0.01,-0.07,0.00,0.00,0.00,0.03,-0.12,-0.08,0.00,0.00,-0.00,1,2,3,4
1.150,-0.19,0.02,0.00,0.00,-0.00,-0.00,0.00,-0.10,-0.05,-0.00,0.00,0.00,1,2,3,4
1.160,-0.17,0.01,-0.03,0.00,-0.00,0.00,0.02,-0.11,-0.08,-0.00,0.00,0.00,1,2,3,4
1.170,-0.18,0.02,-0.06,-0.00,-0.00,0.00,0.03,-0.07,-0.07,0.00,0.00,0.00,1,2,3,4
1.181,-0.16,0.03,-0.05,-0.00,0.00,0.00,0.02,-0.11,-0.06,-0.00,0.00,0.00,1,2,3,4
1.191,-0.16,0.02,-0.07,0.00,-0.00,0.00,0.03,-0.09,-0.08,0.00,0.00,-0.00,1,2,3,4
1.201,-0.18,0.00,-0.05,0.00,0.00,0.00,0.03,-0.11,-0.07,0.00,-0.00,0.00,1,2,3,4
1.213,-0.15,0.01,-0.05,-0.00,-0.00,0.00,0.01,-0.12,-0.08,0.00,0.00,0.00,1,2,3,4
1.227,-0.18,0.01,-0.09,0.00,0.00,0.00,0.00,-0.09,-0.05,-0.00,0.00,-0.00,1,2,3,4
1.238,-0.16,0.01,-0.08,0.00,0.00,0.00,0.00,-0.14,-0.05,0.00,0.00,-0.00,1,2,3,4
1.249,-0.15,0.03,-0.05,0.00,-0.00,-0.00,0.01,-0.11,-0.07,0.00,0.00,0.00,1,2,3,4
1.260,-0.16,0.01,-0.02,-0.00,-0.00,-0.00,0.00,-0.09,-0.05,-0.00,0.00,-0.00,1,2,3,4
1.271,-0.16,0.03,-0.04,0.00,0.00,0.00,0.03,-0.11,-0.06,0.00,-0.00,0.00,1,2,3,4
1.281,-0.17,0.02,-0.04,-0.00,0.00,-0.00,0.03,-0.09,-0.06,0.00,-0.00,-0.00,1,2,3,4
1.291,-0.17,0.01,-0.04,0.00,0.00,0.00,0.01,-0.10,-0.05,0.00,0.00,0.00,1,2,3,4
1.303,-0.17,0.03,-0.07,0.00,0.00,0.00,0.03,-0.09,-0.07,0.00,-0.00,0.00,1,2,3,4
1.315,-0.17,0.00,-0.05,0.00,-0.00,0.00,0.04,-0.11,-0.06,-0.00,0.00,0.00,1,2,3,4
1.327,-0.18,0.00,-0.06,0.00,-0.00,-0.00,0.02,-0.12,-0.08,-0.00,0.00,0.00,1,2,3,4
1.338,-0.17,0.02,-0.05,0.00,-0.00,0.00,0.02,-0.11,-0.05,0.00,0.00,-0.00,1,2,3,4
1.350,-0.15,0.01,-0.06,0.00,0.00,0.00,0.02,-0.10,-0.05,-0.00,0.00,0.00,1,2,3,4
1.361,-0.15,0.02,-0.01,0.00,0.00,0.00,0.02,-0.11,-0.08,-0.00,0.00,-0.00,1,2,3,4
1.371,-0.17,0.02,-0.08,0.00,0.00,0.00,0.04,-0.11,-0.04,-0.00,0.00,-0.00,1,2,3,4
1.383,-0.16,0.02,-0.04,0.00,-0.00,-0.00,0.02,-0.10,-0.03,-0.00,-0.00,0.00,1,2,3,4
1.394,-0.16,0.02,-0.05,0.00,0.00,-0.00,0.03,-0.10,-0.05,-0.00,-0.00,0.00,1,2,3,4
1.406,-0.17,0.02,-0.04,-0.00,-0.00,-0.00,0.01,-0.11,-0.05,0.00,0.00,0.00,1,2,3,4
1.418,-0.18,0.01,-0.05,0.00,0.00,0.00,0.01,-0.13,-0.07,-0.00,-0.00,0.00,1,2,3,4
1.429,-0.17,0.04,-0.05,-0.00,0.00,-0.00,0.00,-0.11,-0.08,0.00,0.00,0.00,1,2,3,4
1.441,-0.16,0.03,-0.03,0.00,-0.00,-0.00,0.03,-0.11,-0.08,0.00,-0.00,0.00,1,2,3,4
1.452,-0.17,0.02,-0.01,0.00,-0.00,0.00,0.03,-0.13,-0.05,0.00,-0.00,0.00,1,2,3,4
1.463,-0.18,0.00,-0.06,0.00,-0.00,-0.00,0.02,-0.11,-0.06,-0.00,0.00,-0.00,1,2,3,4
1.476,-0.14,0.03,-0.09,-0.00,-0.00,0.00,0.00,-0.11,-0.07,-0.00,-0.00,0.00,1,2,3,4
1.486,-0.15,0.00,-0.03,0.00,0.00,-0.00,0.00,-0.12,-0.06,-0.00,-0.00,0.00,1,2,3,4
1.498,-0.15,0.02,-0.07,0.00,-0.00,-0.00,0.03,-0.09,-0.05,-0.00,0.00,0.00,1,2,3,4
1.509,-0.17,0.03,-0.02,-0.00,-0.00,-0.00,0.01,-0.12,-0.03,-0.00,-0.00,0.00,1,2,3,4
1.521,-0.18,0.03,-0.09,0.00,0.00,0.00,0.02,-0.12,-0.07,0.00,-0.00,-0.00,1,2,3,4
1.533,-0.16,0.04,-0.06,-0.00,0.00,0.00,0.00,-0.11,-0.03,0.00,-0.00,0.00,1,2,3,4
1.543,-0.15,0.01,-0.02,-0.00,0.00,-0.00,0.01,-0.10,-0.09,0.00,-0.00,0.00,1,2,3,4
1.554,-0.18,0.02,-0.04,-0.00,-0.00,-0.00,0.02,-0.11,-0.05,-0.00,-0.00,0.00,1,2,3,4
1.566,-0.17,0.04,-0.02,0.00,-0.00,0.00,0.01,-0.12,-0.07,0.00,0.00,-0.00,1,2,3,4
1.577,-0.18,0.03,-0.08,-0.00,0.00,0.00,0.01,-0.11,-0.05,-0.00,-0.00,0.00,1,2,3,4
1.587,-0.16,0.00,-0.06,-0.00,-0.00,0.00,0.02,-0.13,-0.05,-0.00,-0.00,0.00,1,2,3,4
1.598,-0.18,0.01,-0.05,0.00,-0.00,0.00,0.00,-0.09,-0.07,0.00,0.00,0.00,1,2,3,4
1.609,-0.17,0.02,-0.04,-0.00,-0.00,-0.00,0.02,-0.09,-0.05,0.00,-0.00,0.00,1,2,3,4
1.620,-0.18,0.00,-0.06,0.00,0.00,0.00,0.02,-0.10,-0.05,0.00,0.00,-0.00,1,2,3,4
1.632,-0.16,0.02,-0.03,-0.00,0.00,0.00,0.03,-0.11,-0.09,-0.00,-0.00,-0.00,1,2,3,4
1.642,-0.14,0.00,-0.06,0.00,-0.00,0.00,0.01,-0.11,-0.06,-0.00,0.00,0.00,1,2,3,4
1.655,-0.16,0.02,-0.03,0.00,0.00,0.00,0.02,-0.10,-0.06,0.00,0.00,0.00,1,2,3,4
1.665,-0.18,0.02,-0.03,0.00,0.00,0.00,0.02,-0.11,-0.06,0.00,0.00,0.00,1,2,3,4
1.676,-0.17,0.02,-0.08,0.00,-0.00,0.00,0.01,-0.13,-0.07,-0.00,-0.00,0.00,1,2,3,4
1.687,-0.18,0.01,-0.05,0.00,0.00,0.00,0.03,-0.10,-0.06,0.00,-0.00,0.00,1,2,3,4
1.697,-0.15,0.01,-0.07,-0.00,0.00,-0.00,0.03,-0.10,-0.06,0.00,-0.00,-0.00,1,2,3,4
1.706,-0.17,0.03,-0.05,-0.00,0.00,0.00,0.02,-0.10,-0.06,-0.00,-0.00,0.00,1,2,3,4
1.717,-0.17,0.02,-0.05,-0.00,0.00,0.00,0.00,-0.11,-0.08,-0.00,-0.00,0.00,1,2,3,4
1.726,-0.18,0.01,-0.05,-0.00,0.00,0.00,0.02,-0.09,-0.05,0.00,-0.00,0.00,1,2,3,4
1.737,-0.17,0.00,-0.04,0.00,0.00,0.00,0.02,-0.11,-0.05,0.00,-0.00,0.00,1,2,3,4
1.747,-0.17,0.00,-0.04,0.00,0.00,0.00,0.01,-0.10,-0.04,0.00,-0.00,0.00,1,2,3,4
1.756,-0.17,0.02,-0.06,-0.00,0.00,0.00,0.02,-0.11,-0.05,0.00,0.00,0.00,1,2,3,4
1.766,-0.17,0.01,-0.07,-0.00,0.00,0.00,0.01,-0.09,-0.08,0.00,0.00,-0.00,1,2,3,4
1.777,-0.17,0.03,-0.06,0.00,0.00,0.00,0.02,-0.10,-0.06,-0.00,-0.00,0.00,1,2,3,4
1.787,-0.15,0.02,-0.04,-0.00,0.00,0.00,0.03,-0.11,-0.05,0.00,0.00,0.00,1,2,3,4
1.796,-0.15,0.03,-0.02,0.00,0.00,0.00,0.00,-0.12,-0.03,0.00,0.00,0.00,1,2,3,4
1.806,-0.17,0.00,-0.04,0.00,0.00,-0.00,0.02,-0.10,-0.06,-0.00,-0.00,0.00,1,2,3,4
1.817,-0.16,0.01,-0.02,0.00,0.00,0.00,0.02,-0.11,-0.05,0.00,0.01,-0.00,1,2,3,4
1.827,-0.16,0.02,-0.06,0.00,0.00,0.00,0.01,-0.10,-0.08,-0.00,0.00,0.00,1,2,3,4
1.837,-0.17,0.03,-0.04,0.00,0.00,0.00,0.01,-0.12,-0.05,-0.00,0.00,-0.00,1,2,3,4
1.846,-0.16,0.05,-0.03,-0.00,0.00,0.00,0.02,-0.11,-0.07,0.00,0.00,0.00,1,2,3,4
1.856,-0.16,0.02,-0.04,-0.00,0.00,0.00,0.02,-0.12,-0.05,0.00,0.00,0.00,1,2,3,4
1.867,-0.17,0.00,-0.05,0.00,-0.00,0.00,0.00,-0.11,-0.07,0.00,0.00,0.00,1,2,3,4
1.876,-0.18,0.04,-0.06,-0.00,0.00,0.00,0.02,-0.09,-0.05,0.00,0.00,0.00,1,2,3,4
1.886,-0.16,0.02,-0.06,0.00,-0.00,0.00,0.01,-0.11,-0.10,-0.00,0.00,0.00,1,2,3,4
1.896,-0.17,0.02,-0.07,0.00,0.00,0.00,0.01,-0.13,-0.06,0.00,0.00,-0.00,1,2,3,4
1.907,-0.17,0.02,-0.05,0.00,0.00,0.00,0.01,-0.11,-0.07,0.00,0.00,-0.00,1,2,3,4
1.917,-0.16,0.03,-0.05,0.00,0.00,0.00,0.00,-0.09,-0.04,0.00,-0.00,0.00,1,2,3,4
1.926,-0.20,0.02,-0.06,-0.00,0.00,0.00,0.01,-0.10,-0.04,-0.00,0.00,0.00,1,2,3,4
1.936,-0.16,0.04,-0.03,0.00,0.00,-0.00,0.02,-0.12,-0.06,0.00,-0.00,0.00,1,2,3,4
1.947,-0.16,0.01,-0.05,0.00,0.00,0.00,0.01,-0.11,-0.06,-0.00,0.00,-0.00,1,2,3,4
1.957,-0.16,0.01,-0.03,0.00,0.00,0.00,0.03,-0.13,-0.06,-0.00,0.00,-0.00,1,2,3,4
1.966,-0.15,0.03,-0.07,-0.00,0.00,0.00,0.02,-0.11,-0.09,-0.00,-0.00,0.00,1,2,3,4
1.976,-0.17,0.00,-0.06,0.00,-0.00,0.00,0.03,-0.13,-0.06,0.00,-0.00,0.00,1,2,3,4
1.987,-0.18,0.03,-0.05,-0.00,0.00,0.00,0.01,-0.11,-0.02,0.00,0.00,0.00,1,2,3,4
1.997,-0.16,0.02,-0.06,0.00,0.00,0.00,0.00,-0.09,-0.05,0.00,0.00,0.00,1,2,3,4
2.006,-0.16,0.02,-0.06,0.00,0.00,0.00,0.02,-0.13,-0.04,0.00,0.01,0.00,1,2,3,4
2.016,-0.15,0.04,-0.08,0.00,0.00,0.00,0.01,-0.11,-0.09,-0.00,-0.00,-0.00,1,2,3,4
2.026,-0.18,0.02,-0.05,0.00,0.00,0.00,0.02,-0.11,-0.07,-0.00,0.00,0.00,1,2,3,4
2.037,-0.16,0.03,-0.08,0.00,0.00,0.00,0.04,-0.09,-0.03,-0.00,0.00,0.00,1,2,3,4
2.047,-0.16,0.04,-0.03,0.00,0.00,0.00,0.01,-0.11,-0.01,0.00,0.00,-0.00,1,2,3,4
2.056,-0.16,0.00,-0.07,0.00,0.00,0.00,0.00,-0.11,-0.02,-0.00,-0.00,-0.00,1,2,3,4
2.066,-0.18,0.01,-0.02,0.00,-0.00,0.00,0.01,-0.12,-0.07,-0.00,-0.00,0.00,1,2,3,4
2.077,-0.16,0.01,-0.07,0.00,-0.00,0.00,0.01,-0.09,-0.08,0.00,0.00,-0.00,1,2,3,4
2.087,-0.16,0.01,-0.03,0.00,0.00,-0.00,0.03,-0.09,-0.06,0.00,0.00,0.00,1,2,3,4
2.097,-0.17,0.01,-0.07,0.00,0.00,0.00,0.00,-0.10,-0.08,-0.00,-0.00,0.00,1,2,3,4
2.106,-0.15,0.02,-0.04,0.00,-0.00,0.00,0.00,-0.10,-0.08,0.00,0.00,0.00,1,2,3,4
2.117,-0.15,0.02,-0.09,0.00,0.00,0.00,0.02,-0.13,-0.06,-0.00,0.00,0.00,1,2,3,4
2.127,-0.18,0.02,-0.06,0.00,0.00,0.00,0.02,-0.11,-0.08,-0.00,-0.00,0.00,1,2,3,4
2.137,-0.17,0.05,-0.09,-0.00,-0.00,-0.00,0.00,-0.11,-0.05,-0.00,0.00,0.00,1,2,3,4
2.147,-0.19,0.03,-0.06,0.00,0.00,-0.00,0.00,-0.11,-0.05,0.00,0.00,0.00,1,2,3,4
2.158,-0.15,0.02,-0.05,0.00,-0.00,0.00,0.02,-0.10,-0.06,0.00,-0.00,0.00,1,2,3,4
2.167,-0.15,0.01,-0.09,0.00,0.00,-0.00,0.02,-0.10,-0.05,-0.00,0.00,0.00,1,2,3,4
2.177,-0.15,0.01,-0.06,0.00,-0.00,-0.00,0.03,-0.11,-0.05,0.00,0.00,-0.00,1,2,3,4
2.187,-0.17,0.03,-0.08,0.00,0.00,-0.00,0.03,-0.10,-0.05,-0.00,0.00,0.00,1,2,3,4
2.197,-0.18,0.01,-0.04,0.00,0.00,-0.00,0.04,-0.11,-0.07,-0.00,-0.00,0.00,1,2,3,4
2.208,-0.17,0.02,-0.05,-0.00,0.00,-0.00,0.02,-0.11,-0.06,-0.00,-0.00,-0.00,1,2,3,4
2.218,-0.16,0.01,-0.06,-0.00,0.00,-0.00,0.01,-0.10,-0.06,0.00,0.00,0.00,1,2,3,4
2.227,-0.15,0.00,-0.04,-0.00,0.00,0.00,0.02,-0.10,-0.04,-0.00,0.00,0.00,1,2,3,4
2.237,-0.16,0.01,-0.06,0.00,-0.00,-0.00,0.00,-0.11,-0.07,0.00,0.00,-0.00,1,2,3,4
2.248,-0.18,0.04,-0.04,0.00,0.00,0.00,0.02,-0.09,-0.06,0.00,0.00,-0.00,1,2,3,4
2.258,-0.17,0.00,-0.03,-0.00,0.00,0.00,0.02,-0.11,-0.03,0.00,0.00,0.00,1,2,3,4
2.268,-0.17,0.00,-0.04,-0.00,0.00,0.00,0.00,-0.11,-0.06,0.00,0.00,-0.00,1,2,3,4
2.277,-0.15,0.02,-0.05,0.00,-0.00,-0.00,0.00,-0.09,-0.04,0.00,0.00,0.00,1,2,3,4
2.288,-0.15,0.02,-0.04,0.00,0.00,0.00,0.01,-0.12,-0.06,0.00,-0.00,-0.00,1,2,3,4
2.298,-0.18,0.02,-0.03,0.00,0.00,-0.00,0.03,-0.12,-0.06,0.00,0.00,0.00,1,2,3,4
2.308,-0.16,0.04,-0.05,0.00,0.00,-0.00,0.01,-0.11,-0.04,0.00,0.00,0.00,1,2,3,4
2.318,-0.18,0.03,-0.08,-0.00,-0.00,-0.00,0.02,-0.11,-0.04,0.00,0.00,0.00,1,2,3,4
2.329,-0.16,0.03,-0.06,-0.00,0.00,-0.00,0.00,-0.10,-0.05,0.00,0.00,0.00,1,2,3,4
2.339,-0.16,0.02,-0.04,0.00,-0.00,0.00,0.03,-0.11,-0.07,0.00,0.00,0.00,1,2,3,4
2.348,-0.18,0.01,-0.03,0.00,-0.00,-0.00,0.02,-0.12,-0.05,0.00,-0.00,0.00,1,2,3,4
2.358,-0.16,0.04,-0.02,0.00,0.00,0.00,0.02,-0.09,-0.07,0.00,-0.00,-0.00,1,2,3,4
2.368,-0.15,0.02,-0.06,0.00,0.00,-0.00,0.01,-0.09,-0.06,-0.00,0.00,0.00,1,2,3,4
2.379,-0.18,0.02,-0.06,0.00,0.00,-0.00,0.00,-0.09,-0.07,0.00,0.00,0.00,1,2,3,4
2.389,-0.18,0.01,-0.02,0.00,0.00,0.00,0.03,-0.11,-0.07,0.00,0.00,0.00,1,2,3,4
2.399,-0.17,0.01,-0.04,-0.00,-0.00,0.00,0.02,-0.10,-0.04,0.00,0.00,0.00,1,2,3,4
2.408,-0.18,0.02,-0.05,0.00,0.00,0.00,0.03,-0.11,-0.06,0.00,0.00,-0.00,1,2,3,4
2.419,-0.18,0.03,-0.07,-0.00,0.00,0.00,0.00,-0.12,-0.07,0.00,0.01,0.00,1,2,3,4
2.429,-0.19,0.00,-0.05,0.00,0.00,-0.00,0.03,-0.08,-0.08,0.00,0.00,0.00,1,2,3,4
2.439,-0.18,0.01,-0.04,0.00,0.00,0.00,0.00,-0.09,-0.01,-0.00,0.00,0.00,1,2,3,4
2.449,-0.17,0.03,-0.05,-0.00,0.00,-0.00,0.00,-0.12,-0.06,-0.00,0.00,0.00,1,2,3,4
2.460,-0.17,0.03,-0.06,0.00,-0.00,0.00,0.03,-0.09,-0.03,0.00,-0.00,-0.00,1,2,3,4
2.469,-0.16,0.03,-0.08,-0.00,-0.00,0.00,0.02,-0.12,-0.05,-0.00,-0.00,0.00,1,2,3,4
2.479,-0.18,0.04,-0.06,0.00,0.00,-0.00,0.02,-0.10,-0.09,0.00,-0.00,0.00,1,2,3,4
2.489,-0.16,0.00,-0.06,0.00,0.00,0.00,0.02,-0.11,-0.07,0.00,0.00,-0.00,1,2,3,4
2.500,-0.18,0.00,-0.07,0.00,-0.00,-0.00,0.00,-0.13,-0.04,0.00,0.00,0.00,1,2,3,4
2.510,-0.17,0.04,-0.04,-0.00,-0.00,0.00,0.02,-0.11,-0.01,0.00,0.00,0.00,1,2,3,4
2.520,-0.17,0.02,-0.07,0.00,0.00,-0.00,0.01,-0.09,-0.07,-0.00,0.00,0.00,1,2,3,4
2.530,-0.18,0.02,-0.06,0.00,0.00,0.00,0.02,-0.12,-0.06,0.00,0.00,0.00,1,2,3,4
2.541,-0.16,0.03,-0.03,0.00,-0.01,0.00,0.02,-0.11,-0.06,-0.00,0.00,0.00,1,2,3,4
2.551,-0.18,0.01,-0.04,0.00,-0.00,0.00,0.02,-0.11,-0.05,-0.00,0.00,-0.00,1,2,3,4
2.562,-0.17,0.02,-0.05,0.00,-0.00,0.00,0.03,-0.12,-0.02,0.00,-0.00,0.00,1,2,3,4
2.574,-0.17,0.02,-0.03,0.00,0.00,0.00,0.03,-0.12,-0.06,0.00,-0.00,0.00,1,2,3,4
2.588,-0.18,0.01,-0.04,-0.00,0.00,0.00,0.01,-0.10,-0.05,-0.00,0.00,0.00,1,2,3,4
2.599,-0.15,0.03,-0.03,-0.00,0.00,-0.00,0.01,-0.11,-0.05,0.00,0.00,0.00,1,2,3,4
2.609,-0.16,0.03,-0.04,0.00,0.00,0.00,0.02,-0.10,-0.09,0.00,0.00,0.00,1,2,3,4
2.620,-0.15,0.00,-0.10,0.00,0.00,0.00,0.03,-0.10,-0.04,-0.00,0.00,-0.00,1,2,3,4
2.631,-0.16,0.03,-0.06,0.00,0.00,0.00,0.03,-0.13,-0.04,-0.00,0.00,-0.00,1,2,3,4
2.641,-0.16,0.04,-0.06,0.00,0.00,0.00,0.01,-0.11,-0.04,-0.00,-0.00,0.00,1,2,3,4
2.652,-0.17,0.05,-0.05,0.00,0.00,0.00,0.02,-0.12,-0.06,-0.00,-0.00,0.00,1,2,3,4
2.663,-0.15,0.01,-0.04,0.00,-0.00,0.00,0.01,-0.10,-0.03,0.00,-0.00,-0.00,1,2,3,4
2.677,-0.17,0.03,-0.05,0.00,0.00,0.00,0.01,-0.10,-0.07,0.00,0.00,0.00,1,2,3,4
2.689,-0.17,0.03,-0.07,-0.00,0.00,0.00,0.00,-0.09,-0.06,0.00,0.00,0.00,1,2,3,4
2.700,-0.17,0.02,-0.03,0.00,0.00,0.00,0.04,-0.10,-0.06,-0.00,0.00,0.00,1,2,3,4
2.711,-0.17,0.04,-0.06,0.00,0.00,0.00,0.02,-0.11,-0.06,0.00,0.00,0.00,1,2,3,4
2.722,-0.17,0.00,-0.08,0.00,-0.00,0.00,0.00,-0.11,-0.07,0.00,0.00,0.00,1,2,3,4
2.733,-0.17,0.01,-0.04,0.00,0.00,0.00,0.02,-0.13,-0.06,-0.00,0.00,0.00,1,2,3,4
2.743,-0.17,0.02,-0.06,0.00,0.00,-0.00,0.01,-0.09,-0.05,-0.00,-0.00,0.00,1,2,3,4
2.756,-0.17,0.03,-0.03,0.00,0.00,0.00,0.03,-0.10,-0.08,0.00,-0.00,-0.00,1,2,3,4
2.768,-0.16,0.02,-0.05,0.00,0.00,0.00,0.03,-0.11,-0.08,0.00,0.00,0.00,1,2,3,4
2.780,-0.16,0.01,-0.06,0.00,0.00,-0.00,0.02,-0.10,-0.06,0.00,-0.00,0.00,1,2,3,4
2.790,-0.16,0.02,-0.03,0.00,0.00,-0.00,0.01,-0.10,-0.04,0.00,0.00,0.00,1,2,3,4
2.802,-0.16,0.03,-0.03,-0.00,0.00,0.00,0.02,-0.09,-0.06,-0.00,0.00,0.00,1,2,3,4
2.814,-0.16,0.02,-0.02,-0.00,0.00,-0.00,0.02,-0.12,-0.07,0.00,0.00,0.00,1,2,3,4
2.826,-0.16,0.01,-0.05,0.00,-0.00,-0.00,0.00,-0.09,-0.06,0.00,0.00,0.00,1,2,3,4
2.839,-0.16,0.02,-0.02,-0.00,0.00,-0.00,0.00,-0.11,-0.03,0.00,0.00,0.00,1,2,3,4
2.849,-0.18,0.03,-0.05,0.00,-0.00,-0.00,0.02,-0.09,-0.05,0.00,0.00,0.00,1,2,3,4
2.860,-0.15,0.04,-0.07,-0.00,0.00,-0.00,0.02,-0.11,-0.05,0.00,0.00,-0.00,1,2,3,4
2.871,-0.14,0.05,-0.06,0.00,0.00,0.00,0.02,-0.09,-0.07,0.00,0.00,-0.00,1,2,3,4
2.883,-0.17,0.02,-0.04,-0.00,0.00,-0.00,0.02,-0.12,-0.06,-0.00,-0.00,-0.00,1,2,3,4
2.893,-0.16,-0.01,-0.05,-0.00,0.00,0.00,0.02,-0.10,-0.04,0.00,0.00,-0.00,1,2,3,4
2.905,-0.16,0.03,-0.06,0.00,0.00,-0.00,0.02,-0.10,-0.06,0.00,0.00,0.00,1,2,3,4
2.915,-0.18,0.01,-0.04,0.00,-0.00,0.00,0.00,-0.10,-0.04,0.00,0.00,0.00,1,2,3,4
2.927,-0.14,0.01,-0.06,-0.00,-0.00,0.00,0.02,-0.10,-0.09,0.00,0.00,0.00,1,2,3,4
2.939,-0.15,0.02,-0.07,-0.00,0.00,0.00,0.02,-0.08,-0.06,-0.00,0.00,0.00,1,2,3,4
2.948,-0.16,0.01,-0.03,0.00,0.00,-0.00,0.00,-0.09,-0.07,0.00,0.00,0.00,1,2,3,4
2.959,-0.16,0.02,-0.07,0.00,0.00,0.00,0.02,-0.10,-0.03,-0.00,-0.00,0.00,1,2,3,4
2.971,-0.18,0.02,-0.07,-0.00,0.00,-0.00,0.01,-0.11,-0.03,-0.00,-0.00,-0.00,1,2,3,4
2.983,-0.17,0.05,-0.07,0.00,0.00,0.00,0.02,-0.13,-0.07,0.00,0.00,0.00,1,2,3,4
2.993,-0.16,0.02,-0.06,0.00,-0.00,-0.00,0.02,-0.12,-0.06,0.00,0.00,0.00,1,2,3,4
3.004,-0.16,0.02,-0.05,0.00,0.00,-0.00,0.02,-0.10,-0.08,0.00,0.00,0.00,1,2,3,4
3.016,-0.16,0.02,-0.03,0.00,0.00,0.00,0.02,-0.10,-0.06,0.00,0.00,-0.00,1,2,3,4
3.026,-0.19,0.03,-0.05,0.00,0.00,-0.00,0.02,-0.12,-0.08,-0.00,-0.00,0.00,1,2,3,4
3.037,-0.18,0.02,-0.07,0.00,0.00,0.00,0.03,-0.09,-0.05,0.00,-0.00,-0.00,1,2,3,4
3.046,-0.16,0.02,-0.05,0.00,0.00,-0.00,0.04,-0.11,-0.05,0.00,-0.00,0.00,1,2,3,4
3.057,-0.16,0.02,-0.05,0.00,0.00,0.00,0.00,-0.11,-0.07,-0.00,0.00,0.00,1,2,3,4
3.067,-0.15,0.01,-0.06,-0.00,-0.00,0.00,0.05,-0.09,-0.06,0.00,0.00,-0.00,1,2,3,4
3.078,-0.17,0.03,-0.06,0.00,0.00,-0.00,0.03,-0.11,-0.07,0.00,-0.00,-0.00,1,2,3,4
3.088,-0.19,0.03,-0.06,-0.00,0.00,0.00,0.00,-0.10,-0.07,0.00,0.00,0.00,1,2,3,4
3.098,-0.18,0.00,-0.03,0.00,0.00,0.00,0.02,-0.10,-0.03,-0.00,-0.00,0.00,1,2,3,4
3.108,-0.17,0.02,-0.04,-0.00,0.00,-0.00,0.03,-0.11,-0.03,0.00,0.00,0.00,1,2,3,4
3.117,-0.18,0.03,-0.06,0.00,0.00,0.00,0.00,-0.11,-0.05,0.00,0.00,0.00,1,2,3,4
3.127,-0.16,0.00,-0.06,-0.00,-0.00,0.00,0.02,-0.12,-0.09,-0.00,0.00,0.00,1,2,3,4
3.136,-0.16,0.00,-0.06,0.00,-0.00,-0.00,0.01,-0.09,-0.07,-0.00,0.00,-0.00,1,2,3,4
3.147,-0.16,0.00,-0.01,-0.00,0.00,0.00,0.00,-0.09,-0.03,0.00,0.00,0.00,1,2,3,4
3.156,-0.16,0.00,-0.01,0.00,0.00,0.00,0.01,-0.12,-0.04,0.00,-0.00,0.00,1,2,3,4
3.166,-0.19,0.01,-0.04,0.00,0.00,-0.00,0.02,-0.11,-0.04,0.00,0.00,0.00,1,2,3,4
3.176,-0.18,0.03,-0.07,0.00,-0.00,0.00,0.02,-0.09,-0.07,0.00,-0.00,0.00,1,2,3,4
3.187,-0.18,0.04,-0.06,0.00,0.00,0.00,0.03,-0.13,-0.10,-0.00,-0.00,0.00,1,2,3,4
3.197,-0.16,0.01,-0.04,0.00,0.00,0.00,0.03,-0.11,-0.05,-0.00,-0.00,0.00,1,2,3,4
3.206,-0.15,0.02,-0.03,0.00,0.00,0.00,0.01,-0.12,-0.05,0.00,-0.00,0.00,1,2,3,4
3.216,-0.18,0.03,-0.02,0.00,0.00,0.00,0.01,-0.11,-0.03,0.00,0.00,-0.00,1,2,3,4
3.227,-0.17,0.03,-0.08,0.00,-0.00,0.00,0.02,-0.10,-0.05,-0.00,0.00,0.00,1,2,3,4
3.237,-0.15,0.01,-0.02,0.00,-0.00,-0.00,0.02,-0.11,-0.03,0.00,0.00,-0.00,1,2,3,4
3.246,-0.17,0.02,-0.02,-0.00,0.00,0.00,0.01,-0.12,-0.07,0.00,0.00,0.00,1,2,3,4
3.256,-0.17,0.02,-0.03,-0.00,-0.00,0.00,0.00,-0.09,-0.07,-0.00,0.00,0.00,1,2,3,4
3.267,-0.17,0.00,-0.04,-0.00,-0.00,0.00,0.02,-0.10,-0.03,0.00,0.00,0.00,1,2,3,4
3.277,-0.17,0.01,-0.07,0.00,0.00,0.00,0.01,-0.11,-0.05,-0.00,-0.00,0.00,1,2,3,4
3.287,-0.19,0.00,-0.08,0.00,0.00,0.00,0.01,-0.13,-0.05,0.00,-0.00,0.00,1,2,3,4
3.296,-0.18,0.04,-0.04,-0.00,0.00,0.00,0.01,-0.12,-0.05,-0.00,0.00,-0.00,1,2,3,4
3.306,-0.17,0.01,-0.07,0.00,0.00,0.00,0.01,-0.12,-0.06,-0.00,-0.00,0.00,1,2,3,4
3.317,-0.18,0.04,-0.05,0.00,-0.00,0.00,0.00,-0.11,-0.05,0.00,0.00,0.00,1,2,3,4
3.327,-0.17,0.01,-0.07,0.00,-0.00,-0.00,0.05,-0.10,-0.10,-0.00,0.00,-0.00,1,2,3,4
3.336,-0.16,0.03,-0.06,0.00,-0.00,0.00,0.03,-0.10,-0.06,-0.00,-0.00,0.00,1,2,3,4
3.346,-0.18,0.01,-0.06,0.00,0.00,0.00,0.02,-0.10,-0.05,0.00,0.00,0.00,1,2,3,4
3.357,-0.17,0.03,-0.02,-0.00,-0.00,0.00,0.03,-0.11,-0.04,0.00,-0.00,0.00,1,2,3,4
3.366,-0.17,0.00,-0.05,0.00,0.00,0.00,0.03,-0.11,-0.05,-0.00,-0.00,0.00,1,2,3,4
3.376,-0.16,0.02,-0.08,0.00,0.00,-0.00,0.02,-0.11,-0.07,0.00,0.00,0.00,1,2,3,4
3.386,-0.15,0.02,-0.09,0.00,0.00,0.00,0.02,-0.12,-0.04,0.00,0.00,0.00,1,2,3,4
3.397,-0.15,0.03,-0.03,0.00,-0.00,-0.00,0.01,-0.10,-0.06,-0.00,0.00,0.00,1,2,3,4
3.407,-0.15,0.04,-0.05,-0.00,0.00,-0.00,0.01,-0.11,-0.08,0.00,-0.00,0.00,1,2,3,4
3.417,-0.17,0.02,-0.05,0.00,0.00,0.00,0.02,-0.08,-0.04,-0.00,-0.00,0.00,1,2,3,4
3.426,-0.18,0.03,-0.07,-0.00,0.00,-0.00,0.01,-0.11,-0.05,-0.00,-0.00,0.00,1,2,3,4
3.437,-0.19,0.02,-0.04,0.00,0.00,0.00,0.02,-0.12,-0.06,-0.00,-0.00,0.00,1,2,3,4
3.447,-0.16,0.00,-0.04,-0.00,0.00,0.00,0.01,-0.09,-0.09,-0.00,0.00,-0.00,1,2,3,4
3.457,-0.14,0.03,-0.05,-0.00,-0.00,0.00,0.01,-0.09,-0.08,0.00,0.00,0.00,1,2,3,4
3.467,-0.14,0.03,-0.05,0.00,-0.00,0.00,0.02,-0.11,-0.06,0.00,0.00,0.00,1,2,3,4
3.476,-0.19,0.00,-0.07,0.00,0.00,0.00,0.02,-0.11,-0.06,0.00,0.00,0.00,1,2,3,4
3.487,-0.18,0.03,-0.06,0.00,-0.00,-0.00,0.00,-0.09,-0.05,0.00,0.00,0.00,1,2,3,4
3.497,-0.17,0.02,-0.07,0.00,-0.00,0.00,0.00,-0.09,-0.05,0.00,-0.00,-0.00,1,2,3,4
3.507,-0.17,0.02,-0.06,0.00,0.00,0.00,0.02,-0.10,-0.06,-0.00,-0.00,0.00,1,2,3,4
3.517,-0.15,0.01,-0.06,-0.00,-0.00,-0.00,0.04,-0.08,-0.05,0.00,0.00,0.00,1,2,3,4
3.528,-0.17,0.01,-0.06,0.00,0.00,-0.00,0.02,-0.10,-0.06,-0.00,-0.00,-0.00,1,2,3,4
3.537,-0.16,0.03,-0.07,0.00,-0.00,0.00,0.03,-0.08,-0.09,0.00,0.00,0.00,1,2,3,4
3.547,-0.18,0.03,-0.05,-0.00,0.00,0.00,0.01,-0.12,-0.06,0.00,0.00,-0.00,1,2,3,4
3.557,-0.18,0.01,-0.06,0.00,0.00,0.00,0.02,-0.11,-0.04,0.00,-0.00,0.00,1,2,3,4
3.568,-0.16,0.02,-0.05,-0.00,0.00,0.00,0.02,-0.11,-0.04,-0.00,-0.00,-0.00,1,2,3,4
3.578,-0.16,0.05,-0.07,0.00,0.00,0.00,0.00,-0.10,-0.02,0.00,-0.00,0.00,1,2,3,4
3.587,-0.15,0.02,-0.03,0.00,0.00,0.00,0.01,-0.10,-0.07,0.00,0.00,0.00,1,2,3,4
3.597,-0.17,0.04,-0.04,0.00,-0.00,0.00,0.00,-0.10,-0.08,-0.00,0.00,0.00,1,2,3,4
3.608,-0.18,0.00,-0.03,0.00,-0.00,0.00,0.01,-0.11,-0.06,-0.00,0.00,0.00,1,2,3,4
3.618,-0.17,0.02,-0.07,-0.00,-0.00,0.00,0.03,-0.10,-0.05,-0.00,0.00,0.00,1,2,3,4
3.628,-0.17,0.01,-0.03,0.00,0.00,0.00,0.01,-0.11,-0.06,-0.00,0.00,0.00,1,2,3,4
3.638,-0.15,0.00,-0.06,0.00,-0.00,-0.00,0.03,-0.12,-0.04,-0.00,-0.00,-0.00,1,2,3,4
3.648,-0.16,0.00,-0.04,0.00,0.00,0.00,0.00,-0.10,-0.05,-0.00,-0.00,0.00,1,2,3,4
3.658,-0.15,0.02,-0.07,0.00,-0.00,0.00,0.03,-0.10,-0.03,-0.00,0.00,0.00,1,2,3,4
3.668,-0.18,0.02,-0.08,0.00,-0.00,0.00,0.01,-0.11,-0.09,0.00,-0.00,0.00,1,2,3,4
3.678,-0.19,0.02,-0.05,0.00,0.00,0.00,0.01,-0.12,-0.05,0.00,0.00,0.00,1,2,3,4
3.688,-0.17,0.02,-0.04,-0.00,-0.00,0.00,0.02,-0.10,-0.05,0.00,0.00,0.00,1,2,3,4
3.699,-0.17,0.04,-0.07,0.00,0.00,-0.00,0.03,-0.11,-0.08,0.00,0.00,-0.00,1,2,3,4
3.708,-0.15,0.02,-0.06,0.00,0.00,0.00,0.00,-0.11,-0.04,0.00,0.00,0.00,1,2,3,4
3.718,-0.17,0.02,-0.12,0.00,0.00,-0.00,0.01,-0.11,-0.04,0.00,-0.00,-0.00,1,2,3,4
3.728,-0.16,0.03,-0.08,0.00,-0.00,-0.00,0.02,-0.11,-0.07,-0.00,-0.00,0.00,1,2,3,4
3.739,-0.16,0.03,-0.04,-0.00,-0.00,0.00,0.03,-0.11,-0.07,-0.00,0.00,-0.00,1,2,3,4
3.749,-0.15,0.04,-0.07,0.00,-0.00,-0.00,0.01,-0.10,-0.06,0.00,0.00,0.00,1,2,3,4
3.759,-0.16,0.02,-0.10,0.00,0.00,-0.00,0.02,-0.12,-0.05,-0.00,0.00,-0.00,1,2,3,4
3.769,-0.15,0.03,-0.11,-0.00,-0.00,0.00,0.03,-0.12,-0.05,-0.00,0.00,0.00,1,2,3,4
3.779,-0.18,0.00,-0.03,0.00,0.00,0.00,0.02,-0.11,-0.05,0.00,0.00,0.00,1,2,3,4
3.789,-0.16,0.01,-0.01,0.00,-0.00,0.00,0.03,-0.11,-0.06,0.00,0.00,0.00,1,2,3,4
3.799,-0.16,0.01,-0.01,0.00,-0.00,-0.00,0.02,-0.11,-0.06,-0.00,0.00,0.00,1,2,3,4
3.809,-0.16,0.01,-0.05,0.00,0.00,0.00,0.03,-0.12,-0.04,0.00,0.00,0.00,1,2,3,4
3.820,-0.15,0.01,-0.06,0.00,0.00,0.00,0.02,-0.11,-0.07,-0.00,-0.00,-0.00,1,2,3,4
3.829,-0.17,0.02,-0.06,-0.00,0.00,0.00,0.03,-0.07,-0.02,0.00,-0.00,0.00,1,2,3,4
3.839,-0.16,0.02,-0.05,0.00,0.00,0.00,0.03,-0.10,-0.05,0.00,-0.00,0.00,1,2,3,4
3.849,-0.17,0.00,-0.04,0.00,0.00,0.00,0.00,-0.10,-0.03,-0.00,-0.00,0.00,1,2,3,4
3.859,-0.15,0.03,-0.04,0.00,0.00,0.00,0.03,-0.10,-0.08,-0.00,-0.00,-0.00,1,2,3,4
3.870,-0.17,0.03,-0.06,0.00,0.00,0.00,0.01,-0.10,-0.06,0.00,-0.00,0.00,1,2,3,4
3.880,-0.16,0.03,-0.04,-0.00,-0.00,0.00,0.03,-0.11,-0.08,0.00,0.00,0.00,1,2,3,4
3.890,-0.17,0.02,-0.03,0.00,-0.00,-0.00,0.01,-0.13,-0.05,-0.00,-0.00,0.00,1,2,3,4
3.900,-0.15,0.00,-0.07,0.00,0.00,-0.00,0.01,-0.12,-0.06,0.00,-0.00,0.00,1,2,3,4
3.911,-0.15,0.00,-0.05,0.00,-0.00,-0.00,0.03,-0.10,-0.05,0.00,-0.00,-0.00,1,2,3,4
3.921,-0.16,0.02,-0.08,0.00,-0.00,0.00,0.01,-0.10,-0.07,0.00,0.00,0.00,1,2,3,4
3.931,-0.18,0.02,-0.06,0.00,-0.00,0.00,0.02,-0.11,-0.05,-0.00,-0.00,0.00,1,2,3,4
3.940,-0.17,0.00,-0.05,0.00,0.00,0.00,0.03,-0.11,-0.06,-0.00,-0.00,-0.00,1,2,3,4
3.952,-0.17,0.02,-0.03,-0.00,-0.00,0.00,0.02,-0.11,-0.04,-0.00,-0.00,-0.00,1,2,3,4
3.964,-0.18,0.01,-0.08,0.00,-0.00,0.00,0.01,-0.10,-0.05,0.00,-0.00,0.00,1,2,3,4
3.977,-0.16,0.02,-0.06,0.00,0.00,-0.00,0.00,-0.11,-0.04,-0.00,0.00,0.00,1,2,3,4
3.989,-0.18,0.01,-0.04,0.00,0.00,0.00,0.02,-0.09,-0.06,0.00,0.00,0.00,1,2,3,4
4.000,-0.17,0.02,-0.07,0.00,-0.00,-0.00,0.02,-0.11,-0.09,0.00,0.00,0.00,1,2,3,4
4.011,-0.15,0.04,-0.06,0.00,-0.00,0.00,0.01,-0.11,-0.04,-0.00,0.00,0.00,1,2,3,4
4.021,-0.15,0.04,-0.07,0.00,-0.00,0.00,0.01,-0.11,-0.07,-0.00,-0.00,0.00,1,2,3,4
4.032,-0.16,0.01,-0.04,-0.00,-0.00,0.00,0.00,-0.11,-0.06,0.00,-0.00,0.00,1,2,3,4
4.042,-0.18,0.01,-0.03,0.00,-0.00,0.00,0.04,-0.12,-0.04,0.00,-0.00,0.00,1,2,3,4
4.053,-0.17,0.00,-0.05,0.00,-0.00,0.00,0.03,-0.10,-0.05,-0.00,-0.00,-0.00,1,2,3,4
4.066,-0.17,0.02,-0.05,0.00,0.00,0.00,0.03,-0.11,-0.07,-0.00,-0.00,0.00,1,2,3,4
4.079,-0.16,0.02,-0.07,0.00,0.00,-0.00,0.02,-0.08,-0.09,0.00,0.00,0.00,1,2,3,4
4.090,-0.17,0.01,-0.06,0.00,0.00,0.00,0.02,-0.10,-0.06,0.00,-0.00,0.00,1,2,3,4
4.101,-0.16,0.00,-0.06,0.00,0.00,0.00,0.02,-0.11,-0.06,0.00,0.00,0.00,1,2,3,4
4.111,-0.18,0.02,-0.09,0.00,0.00,-0.00,0.01,-0.12,-0.06,0.00,-0.00,0.00,1,2,3,4
4.124,-0.18,0.01,-0.07,0.00,-0.00,0.00,0.03,-0.11,-0.08,0.00,-0.00,0.00,1,2,3,4
4.136,-0.17,0.01,-0.06,0.00,0.00,0.00,0.00,-0.13,-0.07,-0.00,0.00,-0.00,1,2,3,4
4.148,-0.15,0.04,-0.05,0.00,-0.00,0.00,0.01,-0.12,-0.07,0.00,-0.00,0.00,1,2,3,4
4.159,-0.16,0.03,-0.06,-0.00,0.00,-0.00,0.00,-0.11,-0.07,0.00,0.00,0.00,1,2,3,4
4.171,-0.17,0.04,-0.06,0.00,0.00,0.00,0.01,-0.10,-0.05,-0.00,0.00,0.00,1,2,3,4
4.182,-0.18,0.00,-0.05,-0.00,-0.00,0.00,0.01,-0.10,-0.06,0.00,0.00,-0.00,1,2,3,4
4.192,-0.17,0.01,-0.04,0.00,0.00,0.00,0.02,-0.11,-0.06,0.00,-0.00,0.00,1,2,3,4
4.204,-0.16,0.00,-0.02,0.00,0.00,-0.00,0.01,-0.09,-0.07,0.00,0.00,0.00,1,2,3,4
4.215,-0.15,0.02,-0.05,0.00,0.00,-0.00,0.02,-0.10,-0.07,0.00,-0.00,0.00,1,2,3,4
4.226,-0.14,0.02,-0.07,0.00,0.00,0.00,0.01,-0.12,-0.05,0.00,0.00,-0.00,1,2,3,4
4.238,-0.18,0.02,-0.08,0.00,-0.00,-0.00,0.04,-0.11,-0.08,-0.00,-0.00,0.00,1,2,3,4
4.250,-0.16,0.02,-0.05,0.00,-0.00,0.00,0.04,-0.11,-0.06,0.00,-0.00,0.00,1,2,3,4
4.262,-0.15,0.02,-0.07,0.00,-0.00,-0.00,0.01,-0.11,-0.06,-0.00,-0.00,0.00,1,2,3,4
4.273,-0.14,0.01,-0.05,0.00,0.00,-0.00,0.01,-0.11,-0.04,0.00,0.00,0.00,1,2,3,4
4.284,-0.17,0.02,-0.06,0.00,-0.00,0.00,0.02,-0.10,-0.06,-0.00,0.00,0.00,1,2,3,4
4.296,-0.17,0.03,-0.04,0.00,-0.00,0.00,0.00,-0.12,-0.05,0.00,0.00,0.00,1,2,3,4
4.306,-0.16,0.03,-0.04,0.00,0.00,0.00,0.02,-0.11,-0.07,0.00,0.00,0.00,1,2,3,4
4.317,-0.16,0.02,-0.05,0.00,-0.00,0.00,0.01,-0.10,-0.03,-0.00,-0.00,0.00,1,2,3,4
4.327,-0.18,0.03,-0.07,-0.00,0.00,0.00,0.00,-0.11,-0.06,0.00,-0.00,-0.00,1,2,3,4
4.339,-0.19,0.00,-0.04,0.00,0.00,0.00,0.01,-0.09,-0.06,-0.00,0.00,-0.00,1,2,3,4
4.350,-0.17,0.04,-0.06,0.00,0.00,0.00,0.01,-0.11,-0.06,0.00,0.00,0.00,1,2,3,4
4.362,-0.17,0.02,-0.05,-0.00,-0.00,0.00,0.00,-0.11,-0.04,-0.00,-0.00,-0.00,1,2,3,4
4.373,-0.16,0.01,-0.05,0.00,0.00,0.00,0.00,-0.10,-0.06,-0.00,0.00,-0.00,1,2,3,4
4.385,-0.18,0.02,-0.04,0.00,0.00,-0.00,0.04,-0.12,-0.05,0.00,0.00,0.00,1,2,3,4
4.396,-0.18,0.00,-0.08,0.00,0.00,0.00,0.01,-0.11,-0.04,0.00,0.00,-0.00,1,2,3,4
4.406,-0.18,0.01,-0.05,0.00,0.00,0.00,0.03,-0.11,-0.04,-0.00,0.00,0.00,1,2,3,4
4.416,-0.17,0.02,-0.04,0.00,-0.00,0.00,0.00,-0.10,-0.07,0.00,0.00,0.00,1,2,3,4
4.427,-0.16,0.01,-0.06,0.00,0.00,-0.00,0.02,-0.10,-0.07,-0.00,0.00,-0.00,1,2,3,4
4.437,-0.15,0.02,-0.09,0.00,0.00,-0.00,0.02,-0.11,-0.05,0.00,0.00,-0.00,1,2,3,4
4.447,-0.18,0.03,-0.04,0.00,0.00,0.00,0.01,-0.10,-0.04,0.00,-0.00,0.00,1,2,3,4
4.456,-0.16,0.02,-0.04,0.00,-0.00,0.00,0.01,-0.13,-0.06,0.00,0.00,-0.00,1,2,3,4
4.467,-0.16,0.02,-0.04,0.00,0.00,0.00,0.02,-0.12,-0.06,0.00,0.00,-0.00,1,2,3,4
4.477,-0.16,0.00,-0.08,0.00,0.00,0.00,0.01,-0.09,-0.04,0.00,-0.00,0.00,1,2,3,4
4.487,-0.17,0.03,-0.05,-0.00,0.00,0.00,0.02,-0.11,-0.06,-0.00,0.00,0.00,1,2,3,4
4.496,-0.18,0.02,-0.04,0.00,0.00,-0.00,0.01,-0.11,-0.05,0.00,0.00,-0.00,1,2,3,4
4.507,-0.17,0.01,-0.06,0.00,0.00,-0.00,0.02,-0.10,-0.05,0.00,0.00,-0.00,1,2,3,4
4.517,-0.17,0.01,-0.06,-0.00,0.00,0.00,0.02,-0.09,-0.05,-0.00,0.00,-0.00,1,2,3,4
4.526,-0.16,0.00,-0.07,0.00,0.00,-0.00,0.02,-0.10,-0.04,0.00,-0.00,0.00,1,2,3,4
4.536,-0.16,0.02,-0.06,0.00,0.00,0.00,0.01,-0.10,-0.09,0.00,0.00,-0.00,1,2,3,4
4.547,-0.16,0.03,-0.04,-0.00,0.00,0.00,0.01,-0.10,-0.07,0.00,0.00,-0.00,1,2,3,4
4.557,-0.17,0.04,-0.02,0.00,0.00,0.00,0.01,-0.10,-0.04,0.00,0.00,-0.00,1,2,3,4
4.567,-0.16,0.02,-0.06,0.00,0.00,0.00,0.00,-0.09,-0.01,0.00,-0.00,0.00,1,2,3,4
4.576,-0.18,0.02,-0.04,0.00,0.00,0.00,0.02,-0.08,-0.05,-0.00,-0.00,0.00,1,2,3,4
4.586,-0.17,0.02,-0.08,0.00,0.00,0.00,0.00,-0.13,-0.07,0.00,-0.00,0.00,1,2,3,4
4.597,-0.16,0.02,-0.06,0.00,0.00,0.00,0.00,-0.11,-0.10,0.00,-0.00,-0.00,1,2,3,4
4.607,-0.16,0.01,-0.03,-0.00,-0.00,0.00,0.02,-0.11,-0.07,0.00,0.00,0.00,1,2,3,4
4.616,-0.16,0.02,-0.06,0.00,-0.00,-0.00,0.01,-0.11,-0.06,-0.00,0.00,-0.00,1,2,3,4
4.626,-0.17,0.01,-0.06,0.00,-0.00,-0.00,0.02,-0.11,-0.04,0.00,0.00,-0.00,1,2,3,4
4.637,-0.16,-0.01,-0.04,0.00,-0.00,-0.00,0.01,-0.11,-0.05,0.00,0.00,0.00,1,2,3,4
4.647,-0.18,0.02,-0.04,-0.00,-0.00,0.00,0.02,-0.10,-0.06,0.00,-0.00,-0.00,1,2,3,4
4.656,-0.17,0.00,-0.04,-0.00,0.00,0.00,0.02,-0.11,-0.08,0.00,0.00,-0.00,1,2,3,4
4.666,-0.19,0.02,-0.07,0.00,0.00,0.00,0.03,-0.09,-0.07,-0.00,-0.00,-0.00,1,2,3,4
4.677,-0.18,0.00,-0.08,0.00,-0.00,-0.00,0.01,-0.11,-0.06,-0.00,0.00,-0.00,1,2,3,4
4.687,-0.15,0.03,-0.06,0.00,-0.00,0.00,0.02,-0.11,-0.07,-0.00,-0.00,0.00,1,2,3,4
4.697,-0.16,0.01,-0.06,0.00,0.00,0.00,0.04,-0.09,-0.06,-0.00,0.00,-0.00,1,2,3,4
4.706,-0.17,0.01,-0.05,0.00,-0.00,0.00,0.01,-0.11,-0.06,0.00,0.00,0.00,1,2,3,4
4.717,-0.17,0.04,-0.05,0.00,-0.00,0.00,0.03,-0.13,-0.06,0.00,0.00,-0.00,1,2,3,4
4.727,-0.15,0.02,-0.07,0.00,0.00,0.00,0.00,-0.11,-0.06,-0.00,-0.00,-0.00,1,2,3,4
4.737,-0.16,0.01,-0.05,0.00,0.00,0.00,0.01,-0.12,-0.09,0.00,-0.00,0.00,1,2,3,4
4.746,-0.16,0.02,-0.05,-0.00,0.00,0.00,0.03,-0.11,-0.05,0.00,-0.00,0.00,1,2,3,4
4.756,-0.15,0.01,-0.03,0.00,0.00,0.00,0.03,-0.10,-0.05,0.00,0.00,-0.00,1,2,3,4
4.767,-0.16,0.01,-0.03,0.00,0.00,0.00,0.01,-0.10,-0.02,-0.00,-0.00,-0.00,1,2,3,4
4.777,-0.19,0.01,-0.08,-0.00,-0.00,0.00,0.01,-0.11,-0.02,0.00,-0.00,-0.00,1,2,3,4
4.787,-0.16,0.02,-0.06,0.00,0.00,-0.00,0.01,-0.13,-0.05,0.00,0.00,-0.00,1,2,3,4
4.796,-0.18,0.00,-0.04,-0.00,0.00,0.00,0.01,-0.11,-0.06,-0.00,0.00,-0.00,1,2,3,4
4.807,-0.17,0.00,-0.05,-0.00,0.00,0.00,0.02,-0.11,-0.07,0.00,0.00,-0.00,1,2,3,4
4.817,-0.16,0.03,-0.07,-0.00,0.00,-0.00,0.04,-0.10,-0.03,0.00,-0.00,0.00,1,2,3,4
4.827,-0.16,0.03,-0.07,0.00,-0.00,0.00,0.04,-0.11,-0.06,-0.00,0.00,0.00,1,2,3,4
4.837,-0.17,0.00,-0.07,-0.00,0.00,-0.00,0.01,-0.09,-0.06,0.00,0.00,0.00,1,2,3,4
4.847,-0.15,0.01,-0.05,0.00,-0.00,0.00,0.02,-0.12,-0.07,0.00,0.00,0.00,1,2,3,4
4.857,-0.16,0.01,-0.04,-0.00,-0.00,0.00,0.02,-0.12,-0.07,0.00,0.00,0.00,1,2,3,4
4.867,-0.15,0.01,-0.05,-0.00,0.00,-0.00,0.01,-0.10,-0.06,0.00,0.00,-0.00,1,2,3,4
4.877,-0.16,0.04,-0.04,0.00,0.00,0.00,0.03,-0.10,-0.04,-0.00,0.00,0.00,1,2,3,4
4.888,-0.18,0.02,-0.05,0.00,-0.00,0.00,0.02,-0.09,-0.04,0.00,-0.00,0.00,1,2,3,4
4.898,-0.19,0.03,-0.05,0.00,-0.00,0.00,0.02,-0.09,-0.04,-0.00,0.00,0.00,1,2,3,4
4.908,-0.17,0.04,-0.03,0.00,-0.00,0.00,0.02,-0.11,-0.02,0.00,0.00,-0.00,1,2,3,4
4.917,-0.15,0.00,-0.05,0.00,-0.00,-0.00,0.02,-0.10,-0.02,0.00,0.00,0.00,1,2,3,4
4.927,-0.16,0.02,-0.05,0.00,-0.00,-0.00,0.01,-0.12,-0.07,0.00,0.00,-0.00,1,2,3,4
4.938,-0.17,0.01,-0.03,0.00,-0.00,0.00,0.00,-0.10,-0.04,0.00,-0.00,-0.00,1,2,3,4
4.948,-0.15,0.01,-0.01,-0.00,0.00,0.00,0.00,-0.12,-0.08,0.00,0.00,0.00,1,2,3,4
4.958,-0.16,0.03,-0.07,0.00,-0.00,0.00,0.01,-0.09,-0.07,-0.00,0.00,0.00,1,2,3,4
4.967,-0.16,0.03,-0.07,0.00,0.00,0.00,0.02,-0.10,-0.03,0.00,0.00,-0.00,1,2,3,4
4.978,-0.15,0.02,-0.05,-0.00,0.00,0.00,0.03,-0.10,-0.07,0.00,0.00,-0.00,1,2,3,4
4.988,-0.18,0.00,-0.05,0.00,0.00,0.00,0.01,-0.11,-0.05,0.00,0.00,-0.00,1,2,3,4
4.998,-0.15,0.00,-0.03,0.00,-0.00,0.00,0.02,-0.11,-0.07,0.00,0.00,0.00,1,2,3,4
5.008,-0.17,0.02,-0.03,0.00,-0.00,0.00,0.02,-0.11,-0.08,0.00,0.00,0.00,1,2,3,4
5.018,-0.16,0.02,-0.08,0.00,0.00,0.00,0.01,-0.12,-0.06,0.00,0.00,-0.00,1,2,3,4
5.028,-0.17,0.00,-0.04,0.00,-0.00,-0.00,0.02,-0.10,-0.07,0.00,-0.00,0.00,1,2,3,4
5.038,-0.17,0.01,-0.07,0.00,-0.00,-0.00,0.03,-0.10,-0.08,0.00,-0.00,-0.00,1,2,3,4
5.048,-0.17,0.00,-0.02,0.00,-0.00,-0.00,0.03,-0.11,-0.08,0.00,0.00,0.00,1,2,3,4
5.059,-0.14,0.04,-0.02,-0.00,0.00,-0.00,0.00,-0.11,-0.08,-0.00,0.00,-0.00,1,2,3,4
5.069,-0.15,0.03,-0.05,0.00,-0.00,-0.00,0.01,-0.08,-0.07,0.00,-0.00,-0.00,1,2,3,4
5.078,-0.17,0.01,-0.04,0.00,0.00,0.00,0.01,-0.09,-0.06,0.00,0.00,-0.00,1,2,3,4
5.088,-0.15,0.04,-0.06,0.00,-0.00,-0.00,0.02,-0.11,-0.03,0.00,0.00,0.00,1,2,3,4
5.098,-0.16,0.01,-0.10,-0.00,0.00,-0.00,0.01,-0.11,-0.07,0.00,0.00,0.00,1,2,3,4
5.109,-0.17,0.00,-0.04,0.00,0.00,0.00,0.03,-0.07,-0.07,-0.00,0.00,-0.00,1,2,3,4
5.119,-0.16,0.00,-0.06,0.00,0.00,-0.00,0.03,-0.11,-0.05,0.00,0.00,0.00,1,2,3,4
5.129,-0.17,0.00,-0.09,0.00,-0.00,-0.00,0.01,-0.13,-0.05,0.00,0.00,-0.00,1,2,3,4
5.138,-0.16,0.00,-0.04,-0.00,0.00,0.00,0.03,-0.08,-0.04,-0.00,0.00,-0.00,1,2,3,4
5.149,-0.16,0.02,-0.05,0.00,-0.00,-0.00,0.01,-0.10,-0.08,0.00,-0.00,-0.00,1,2,3,4
5.159,-0.16,0.00,-0.04,0.00,-0.00,0.00,0.04,-0.11,-0.06,0.00,0.00,-0.00,1,2,3,4
5.169,-0.16,0.01,-0.09,0.00,0.00,0.00,0.02,-0.09,-0.04,0.00,-0.00,0.00,1,2,3,4
5.179,-0.17,0.01,-0.07,0.00,0.00,-0.00,0.00,-0.11,-0.06,-0.00,0.00,-0.00,1,2,3,4
5.190,-0.18,0.04,-0.05,0.00,-0.00,0.00,0.02,-0.11,-0.07,-0.00,-0.00,0.00,1,2,3,4
5.199,-0.16,0.01,-0.04,-0.00,0.00,0.00,0.00,-0.08,-0.04,-0.00,0.00,-0.00,1,2,3,4
5.209,-0.18,0.01,-0.02,0.00,0.00,-0.00,0.01,-0.09,-0.09,0.00,0.01,-0.00,1,2,3,4
5.219,-0.16,0.03,-0.05,-0.00,0.00,0.00,0.02,-0.10,-0.09,0.00,0.00,-0.00,1,2,3,4
5.230,-0.15,0.03,-0.06,0.00,-0.00,0.00,0.00,-0.11,-0.06,0.00,0.00,0.00,1,2,3,4
5.240,-0.17,0.02,-0.04,0.00,0.00,0.00,0.01,-0.10,-0.06,0.00,0.00,-0.00,1,2,3,4
5.250,-0.15,0.02,-0.02,0.00,0.00,-0.00,0.02,-0.10,-0.06,0.00,0.00,0.00,1,2,3,4
5.260,-0.18,0.00,-0.05,0.00,0.00,0.00,0.00,-0.14,-0.05,0.00,0.00,0.00,1,2,3,4
5.271,-0.16,0.00,-0.06,0.00,0.00,-0.00,0.02,-0.10,-0.05,0.00,0.00,-0.00,1,2,3,4
5.281,-0.17,0.01,-0.06,0.00,-0.00,0.00,0.03,-0.10,-0.06,0.00,0.00,0.00,1,2,3,4
5.290,-0.16,0.03,-0.06,-0.00,0.00,0.00,0.04,-0.10,-0.07,0.00,-0.00,-0.00,1,2,3,4
5.301,-0.14,0.01,-0.01,-0.00,0.00,0.00,0.03,-0.10,-0.04,0.00,-0.00,0.00,1,2,3,4
5.311,-0.15,0.02,-0.05,0.00,0.00,-0.00,0.01,-0.12,-0.06,-0.00,-0.00,0.00,1,2,3,4
5.324,-0.17,0.01,-0.05,0.00,-0.00,-0.00,0.01,-0.09,-0.03,-0.00,0.00,0.00,1,2,3,4
5.337,-0.17,0.02,-0.06,0.00,0.00,-0.00,0.01,-0.10,-0.07,0.00,0.00,0.00,1,2,3,4
5.349,-0.17,-0.01,-0.05,0.00,-0.00,0.00,0.02,-0.11,-0.06,0.00,-0.00,0.00,1,2,3,4
5.360,-0.16,0.01,-0.06,0.00,0.00,0.00,0.03,-0.12,-0.07,-0.00,0.00,-0.00,1,2,3,4
5.371,-0.17,0.02,-0.08,0.00,-0.00,-0.00,0.03,-0.11,-0.07,0.00,0.01,0.00,1,2,3,4
5.381,-0.16,0.02,-0.04,0.00,-0.00,0.00,0.01,-0.10,-0.05,-0.00,0.00,0.00,1,2,3,4
5.391,-0.17,0.02,-0.06,0.00,-0.00,0.00,0.02,-0.11,-0.09,0.00,0.00,0.00,1,2,3,4
5.402,-0.15,0.00,-0.06,0.00,0.00,0.00,0.01,-0.08,-0.09,-0.00,0.00,0.00,1,2,3,4
5.414,-0.17,0.03,-0.04,0.00,0.00,0.00,0.02,-0.08,-0.05,-0.00,0.00,0.00,1,2,3,4
5.426,-0.15,0.04,-0.03,-0.00,0.00,0.00,0.02,-0.11,-0.06,-0.00,0.00,0.00,1,2,3,4
5.438,-0.17,0.04,-0.06,0.00,0.00,0.00,0.02,-0.10,-0.08,-0.00,-0.00,0.00,1,2,3,4
5.450,-0.16,0.02,-0.03,0.00,0.00,0.00,0.02,-0.11,-0.09,0.00,0.00,-0.00,1,2,3,4
5.461,-0.17,0.02,-0.06,0.00,0.00,0.00,0.02,-0.10,-0.04,-0.00,-0.00,0.00,1,2,3,4
5.472,-0.17,0.00,-0.06,0.00,0.00,0.00,0.02,-0.10,-0.05,-0.00,0.00,-0.00,1,2,3,4
5.485,-0.17,0.00,-0.07,-0.00,0.00,0.00,0.01,-0.11,-0.08,0.00,-0.00,-0.00,1,2,3,4
5.497,-0.17,0.02,-0.04,0.00,0.00,-0.00,0.02,-0.11,-0.08,0.00,0.00,-0.00,1,2,3,4
5.509,-0.16,0.03,-0.05,0.00,0.00,0.00,0.02,-0.11,-0.06,0.00,0.00,0.00,1,2,3,4
5.520,-0.15,0.02,-0.07,-0.00,0.00,0.00,0.00,-0.12,-0.05,0.00,0.00,0.00,1,2,3,4
5.532,-0.16,0.02,-0.04,-0.00,0.00,0.00,0.00,-0.11,-0.04,0.00,0.00,0.00,1,2,3,4
5.542,-0.17,0.01,-0.05,0.00,0.00,0.00,0.02,-0.12,-0.06,0.00,0.00,0.00,1,2,3,4
5.553,-0.17,0.02,-0.08,-0.00,0.00,0.00,0.02,-0.12,-0.08,-0.00,0.00,0.00,1,2,3,4
5.564,-0.15,0.02,-0.06,0.00,0.00,0.00,0.01,-0.11,-0.04,-0.00,-0.00,0.00,1,2,3,4
5.577,-0.15,0.01,-0.07,0.00,0.00,0.00,0.01,-0.11,-0.07,0.00,0.00,0.00,1,2,3,4
5.589,-0.17,0.01,-0.06,0.00,-0.00,-0.00,0.01,-0.12,-0.07,0.00,0.00,0.00,1,2,3,4
5.600,-0.18,0.01,-0.04,0.00,-0.00,-0.00,0.02,-0.10,-0.08,0.00,0.00,0.00,1,2,3,4
5.612,-0.16,0.02,-0.02,0.00,0.00,0.00,0.00,-0.11,-0.07,0.00,0.00,0.00,1,2,3,4
5.624,-0.15,0.04,-0.07,0.00,0.00,-0.00,0.01,-0.12,-0.02,-0.00,0.00,0.00,1,2,3,4
5.635,-0.15,0.03,-0.06,0.00,-0.00,-0.00,0.01,-0.13,-0.05,0.00,0.00,0.00,1,2,3,4
5.646,-0.18,0.02,-0.02,0.00,0.00,0.00,0.02,-0.11,-0.10,0.00,0.00,-0.00,1,2,3,4
5.659,-0.15,0.00,-0.04,0.00,0.00,0.00,0.01,-0.11,-0.07,0.00,-0.00,0.00,1,2,3,4
5.668,-0.18,0.02,-0.07,-0.00,-0.00,0.00,0.00,-0.10,-0.06,-0.00,0.00,0.00,1,2,3,4
5.679,-0.15,0.04,-0.08,-0.00,-0.00,0.00,0.03,-0.10,-0.07,0.00,-0.00,0.00,1,2,3,4
5.690,-0.16,0.02,-0.06,0.00,-0.00,0.00,0.00,-0.09,-0.06,-0.00,-0.00,0.00,1,2,3,4
5.703,-0.16,0.02,-0.05,0.00,0.00,-0.00,0.01,-0.11,-0.08,0.00,-0.00,-0.00,1,2,3,4
5.714,-0.18,0.02,-0.05,0.00,-0.00,0.00,0.01,-0.11,-0.04,0.00,0.00,-0.00,1,2,3,4
5.725,-0.16,0.02,-0.07,0.00,0.00,-0.00,0.02,-0.10,-0.06,0.00,0.00,0.00,1,2,3,4
5.735,-0.17,0.00,-0.04,0.00,0.00,-0.00,0.02,-0.11,-0.05,0.00,0.00,0.00,1,2,3,4
5.747,-0.17,0.02,-0.02,0.00,0.00,-0.00,0.01,-0.10,-0.07,-0.00,0.00,0.00,1,2,3,4
5.758,-0.15,0.03,-0.02,0.00,0.00,0.00,0.01,-0.11,-0.07,-0.00,0.00,0.00,1,2,3,4
5.767,-0.16,0.01,-0.05,0.00,0.00,0.00,0.02,-0.10,-0.06,0.00,0.00,0.00,1,2,3,4
5.777,-0.16,0.01,-0.05,0.00,0.00,0.00,0.00,-0.10,-0.04,0.00,0.00,0.00,1,2,3,4
5.788,-0.17,0.04,-0.05,0.00,0.00,-0.00,0.01,-0.08,-0.02,0.00,0.00,-0.00,1,2,3,4
5.799,-0.15,0.01,-0.04,0.00,0.00,-0.00,0.02,-0.09,-0.05,-0.00,0.00,0.00,1,2,3,4
5.810,-0.16,0.00,-0.02,0.00,0.00,0.00,0.02,-0.13,-0.06,-0.00,0.00,-0.00,1,2,3,4
5.822,-0.16,0.02,-0.04,0.00,0.00,0.00,0.00,-0.09,-0.06,-0.00,0.00,0.00,1,2,3,4
5.835,-0.16,0.01,-0.05,0.00,0.00,-0.00,0.03,-0.11,-0.06,0.00,-0.00,0.00,1,2,3,4
5.845,-0.18,0.00,-0.05,-0.00,0.00,-0.00,0.02,-0.13,-0.07,0.00,0.00,0.00,1,2,3,4
5.855,-0.17,0.02,-0.02,-0.00,-0.00,0.00,0.03,-0.09,-0.09,-0.00,0.00,0.00,1,2,3,4
5.866,-0.17,0.01,-0.05,-0.00,0.00,0.00,0.01,-0.11,-0.05,-0.00,0.00,0.00,1,2,3,4
5.877,-0.19,0.02,-0.07,-0.00,0.00,-0.00,0.02,-0.09,-0.05,-0.00,0.00,-0.00,1,2,3,4
5.887,-0.17,0.00,-0.03,0.00,0.00,0.00,0.03,-0.09,-0.06,-0.00,0.00,0.00,1,2,3,4
5.896,-0.16,0.00,-0.04,0.00,0.00,-0.00,0.01,-0.12,-0.07,0.00,0.00,0.00,1,2,3,4
5.906,-0.20,0.02,-0.05,0.00,0.00,0.00,0.02,-0.11,-0.07,0.00,0.00,0.00,1,2,3,4
5.917,-0.17,0.01,-0.05,-0.00,0.00,0.00,0.01,-0.11,-0.05,0.00,0.00,-0.00,1,2,3,4
5.926,-0.17,0.01,-0.05,-0.00,0.00,0.00,0.02,-0.11,-0.03,0.00,0.00,0.00,1,2,3,4
5.936,-0.16,0.01,-0.05,0.00,0.00,0.00,0.01,-0.09,-0.05,-0.00,-0.00,0.00,1,2,3,4
5.946,-0.18,0.00,-0.04,0.00,0.00,-0.00,0.02,-0.11,-0.06,-0.00,0.00,0.00,1,2,3,4
5.957,-0.18,0.02,-0.04,0.00,-0.00,0.00,0.02,-0.11,-0.06,-0.00,0.00,0.00,1,2,3,4
5.967,-0.16,0.01,-0.06,0.00,0.00,-0.00,0.03,-0.11,-0.05,-0.00,0.00,-0.00,1,2,3,4
5.976,-0.17,0.01,-0.06,0.00,0.00,-0.00,0.02,-0.11,-0.06,-0.00,-0.00,-0.00,1,2,3,4
5.986,-0.16,0.01,-0.08,0.00,0.00,0.00,0.00,-0.09,-0.05,0.00,-0.00,0.00,1,2,3,4
5.997,-0.19,0.02,-0.06,0.00,-0.00,-0.00,0.01,-0.12,-0.06,-0.00,-0.00,0.00,1,2,3,4
6.007,-0.17,0.01,-0.03,-0.00,0.00,0.00,0.03,-0.10,-0.07,-0.00,0.00,0.00,1,2,3,4
6.017,-0.16,0.01,-0.04,0.00,0.00,-0.00,0.01,-0.12,-0.04,0.00,-0.00,0.00,1,2,3,4
6.026,-0.17,0.00,-0.08,-0.00,0.00,0.00,0.00,-0.11,-0.08,0.00,0.00,0.00,1,2,3,4
6.036,-0.15,0.03,-0.01,-0.00,0.00,0.00,0.02,-0.10,-0.08,0.00,0.00,-0.00,1,2,3,4
6.047,-0.15,0.04,-0.04,0.00,0.00,0.00,0.02,-0.10,-0.09,-0.00,0.00,0.00,1,2,3,4
6.057,-0.16,0.00,-0.03,0.00,0.00,0.00,0.02,-0.11,-0.06,-0.00,0.00,0.00,1,2,3,4
6.066,-0.20,0.04,-0.05,-0.00,-0.00,-0.00,0.02,-0.09,-0.04,-0.00,0.00,0.00,1,2,3,4
6.076,-0.19,0.01,-0.05,0.00,0.00,0.00,0.03,-0.09,-0.03,-0.00,0.00,-0.00,1,2,3,4
6.087,-0.18,0.01,-0.05,0.00,-0.00,-0.00,0.02,-0.11,-0.06,-0.00,0.00,0.00,1,2,3,4
6.097,-0.18,0.00,-0.04,-0.00,0.00,0.00,0.03,-0.11,-0.08,-0.00,0.00,0.00,1,2,3,4
6.106,-0.16,0.02,-0.05,0.00,0.00,0.00,0.02,-0.09,-0.05,-0.00,-0.00,0.00,1,2,3,4
6.116,-0.17,0.01,-0.05,0.00,0.00,0.00,0.01,-0.12,-0.04,-0.00,0.00,0.00,1,2,3,4
6.127,-0.16,0.03,-0.07,0.00,-0.00,0.00,0.03,-0.12,-0.02,-0.00,0.00,0.00,1,2,3,4
6.137,-0.19,0.00,-0.04,0.00,-0.00,0.00,0.04,-0.10,-0.06,0.00,0.00,0.00,1,2,3,4
6.147,-0.17,0.03,-0.06,0.00,-0.00,-0.00,0.02,-0.10,-0.09,-0.00,0.00,0.00,1,2,3,4
6.156,-0.18,0.02,-0.03,0.00,0.00,0.00,0.03,-0.10,-0.07,0.00,-0.00,0.00,1,2,3,4
6.167,-0.16,0.03,-0.04,-0.00,0.00,0.00,0.01,-0.10,-0.04,0.00,0.00,-0.00,1,2,3,4
6.177,-0.15,0.01,-0.05,0.00,0.00,0.00,0.01,-0.11,-0.05,0.00,0.00,0.00,1,2,3,4
6.187,-0.15,0.01,-0.05,-0.00,-0.00,0.00,0.02,-0.11,-0.06,0.00,-0.00,0.00,1,2,3,4
6.197,-0.17,0.02,-0.03,-0.00,-0.00,0.00,0.03,-0.10,-0.05,0.00,0.00,0.00,1,2,3,4
6.207,-0.17,0.01,-0.04,0.00,-0.00,-0.00,0.01,-0.11,-0.06,-0.00,-0.00,0.00,1,2,3,4
6.218,-0.16,0.01,-0.05,0.00,-0.00,0.00,0.01,-0.11,-0.06,-0.00,-0.00,0.00,1,2,3,4
6.227,-0.17,0.01,-0.05,-0.00,0.00,0.00,0.03,-0.09,-0.04,-0.00,-0.00,0.00,1,2,3,4
6.237,-0.15,0.02,-0.03,-0.00,-0.00,0.00,0.02,-0.10,-0.05,-0.00,0.00,0.00,1,2,3,4
6.247,-0.18,0.02,-0.04,0.00,-0.00,0.00,0.02,-0.10,-0.05,0.00,-0.00,0.00,1,2,3,4
6.258,-0.16,0.02,-0.04,0.00,-0.00,0.00,0.02,-0.11,-0.08,-0.00,0.00,0.00,1,2,3,4
6.268,-0.16,0.03,-0.06,0.00,-0.00,-0.00,0.02,-0.12,-0.07,0.00,0.00,-0.00,1,2,3,4
6.277,-0.19,0.03,-0.02,0.00,0.00,-0.00,0.01,-0.10,-0.09,0.00,-0.00,-0.00,1,2,3,4
6.287,-0.14,0.03,-0.02,0.00,-0.00,0.00,0.00,-0.11,-0.06,-0.00,0.00,0.00,1,2,3,4
6.298,-0.17,0.00,-0.06,0.00,-0.00,0.00,0.01,-0.11,-0.05,0.00,-0.00,0.00,1,2,3,4
6.308,-0.14,0.03,-0.04,-0.00,0.00,0.00,0.04,-0.11,-0.06,0.00,0.00,0.00,1,2,3,4
6.318,-0.13,0.02,-0.08,0.00,0.00,-0.00,0.00,-0.11,-0.08,0.00,0.00,-0.00,1,2,3,4
6.327,-0.15,0.04,-0.06,-0.00,0.00,0.00,0.02,-0.11,-0.08,0.00,-0.00,0.00,1,2,3,4
6.338,-0.17,0.02,-0.06,-0.00,-0.00,0.00,0.00,-0.10,-0.05,0.00,0.00,0.00,1,2,3,4
6.348,-0.17,0.02,-0.03,0.00,0.00,0.00,0.01,-0.10,-0.04,0.00,0.00,0.00,1,2,3,4
6.358,-0.18,0.02,-0.03,0.00,0.00,-0.00,0.04,-0.09,-0.04,-0.00,-0.00,0.00,1,2,3,4
6.368,-0.18,0.01,-0.06,0.00,-0.00,-0.00,0.03,-0.10,-0.05,-0.00,-0.00,-0.00,1,2,3,4
6.378,-0.16,0.02,-0.02,-0.00,0.00,0.00,0.02,-0.11,-0.05,-0.00,0.00,-0.00,1,2,3,4
6.388,-0.19,0.03,-0.03,0.00,-0.00,-0.00,0.04,-0.11,-0.08,0.00,0.00,0.00,1,2,3,4
6.398,-0.17,0.03,-0.03,0.00,-0.00,0.00,0.03,-0.10,-0.06,0.00,0.00,0.00,1,2,3,4
6.408,-0.16,0.03,-0.04,0.00,0.00,0.00,0.01,-0.10,-0.05,0.00,0.00,0.00,1,2,3,4
6.418,-0.18,0.04,-0.06,0.00,0.00,0.00,0.02,-0.11,-0.03,-0.00,0.00,0.00,1,2,3,4
6.429,-0.17,0.02,-0.06,-0.00,-0.00,0.00,0.01,-0.11,-0.04,0.00,0.00,-0.00,1,2,3,4
6.439,-0.15,0.02,-0.04,0.00,-0.00,0.00,0.02,-0.11,-0.06,-0.00,-0.00,0.00,1,2,3,4
6.448,-0.15,0.00,-0.05,0.00,0.00,0.00,0.03,-0.09,-0.06,-0.00,0.00,0.00,1,2,3,4
6.458,-0.17,0.03,-0.05,0.00,-0.00,0.00,0.00,-0.11,-0.07,0.00,0.00,0.00,1,2,3,4
6.469,-0.16,0.02,-0.05,-0.00,-0.00,0.00,0.01,-0.11,-0.05,-0.00,0.00,0.00,1,2,3,4
6.479,-0.16,0.03,-0.06,0.00,0.00,-0.00,0.02,-0.11,-0.03,-0.00,0.00,-0.00,1,2,3,4
6.489,-0.16,0.02,-0.06,-0.00,0.00,0.00,0.01,-0.12,-0.04,0.00,0.00,-0.00,1,2,3,4
6.499,-0.17,0.01,-0.06,0.00,0.00,0.00,0.00,-0.12,-0.03,0.00,0.00,0.00,1,2,3,4
6.509,-0.14,0.03,-0.07,-0.00,0.00,0.00,0.01,-0.11,-0.07,0.00,-0.00,0.00,1,2,3,4
6.519,-0.17,0.01,-0.06,0.00,0.00,-0.00,0.02,-0.11,-0.09,-0.00,-0.00,0.00,1,2,3,4
6.529,-0.18,0.03,-0.07,0.00,-0.00,0.00,0.01,-0.11,-0.05,-0.00,0.00,-0.00,1,2,3,4
6.539,-0.16,0.03,-0.04,0.00,0.00,0.00,0.01,-0.12,-0.05,-0.00,-0.00,0.00,1,2,3,4
6.549,-0.16,0.01,-0.07,0.00,-0.00,-0.00,0.03,-0.11,-0.03,0.00,0.00,0.00,1,2,3,4
6.560,-0.17,0.01,-0.04,-0.00,-0.00,0.00,0.00,-0.10,-0.11,0.00,0.00,0.00,1,2,3,4
6.570,-0.18,0.03,-0.07,0.00,0.00,0.00,0.00,-0.11,-0.06,0.00,-0.00,0.00,1,2,3,4
6.579,-0.19,0.02,-0.08,-0.00,-0.00,-0.00,0.02,-0.11,-0.06,0.00,0.00,0.00,1,2,3,4
6.589,-0.15,0.01,-0.04,-0.00,-0.00,0.00,0.00,-0.11,-0.05,0.00,0.00,0.00,1,2,3,4
6.600,-0.16,0.01,-0.04,-0.00,0.00,0.00,0.02,-0.11,-0.05,0.00,0.00,-0.00,1,2,3,4
6.610,-0.17,0.04,-0.05,-0.00,0.00,0.00,0.00,-0.10,-0.08,-0.00,0.00,-0.00,1,2,3,4
6.620,-0.15,0.01,-0.09,0.00,0.00,-0.00,0.00,-0.12,-0.08,0.00,0.00,0.00,1,2,3,4
6.630,-0.15,0.02,-0.05,0.00,0.00,-0.00,0.00,-0.11,-0.07,0.00,0.00,0.00,1,2,3,4
6.640,-0.18,0.01,-0.05,0.00,-0.00,-0.00,0.00,-0.10,-0.03,0.00,-0.00,-0.00,1,2,3,4
6.651,-0.17,0.03,-0.03,0.00,0.00,0.00,0.03,-0.10,-0.07,0.00,-0.00,0.00,1,2,3,4
6.661,-0.15,0.01,-0.01,0.00,0.00,-0.00,0.02,-0.10,-0.08,0.00,0.00,0.00,1,2,3,4
6.671,-0.15,0.04,-0.04,0.00,-0.00,-0.00,0.03,-0.11,-0.06,0.00,0.00,0.00,1,2,3,4
6.684,-0.16,0.01,-0.06,-0.00,0.00,0.00,0.00,-0.12,-0.03,0.00,-0.00,0.01,1,2,3,4
6.695,-0.17,0.01,-0.06,0.00,0.00,0.00,0.02,-0.11,-0.03,0.00,0.00,0.00,1,2,3,4
6.708,-0.14,0.04,-0.08,0.00,0.00,0.00,0.01,-0.11,-0.08,-0.00,-0.00,0.00,1,2,3,4
6.719,-0.17,0.00,-0.04,0.00,0.00,0.00,0.03,-0.10,-0.04,0.00,-0.00,0.00,1,2,3,4
6.730,-0.15,0.02,-0.06,0.00,0.00,0.00,0.01,-0.10,-0.06,-0.00,0.00,0.00,1,2,3,4
6.740,-0.15,0.02,-0.04,0.00,0.00,-0.00,0.02,-0.10,-0.05,-0.00,0.00,0.00,1,2,3,4
6.751,-0.19,0.02,-0.06,-0.00,0.00,0.00,0.00,-0.11,-0.05,0.00,0.00,0.00,1,2,3,4
6.762,-0.17,0.02,-0.05,0.00,0.00,-0.00,0.01,-0.10,-0.09,-0.00,0.00,0.00,1,2,3,4
6.774,-0.16,0.01,-0.04,0.00,-0.00,0.00,0.01,-0.10,-0.07,0.00,0.00,0.00,1,2,3,4
6.787,-0.16,0.01,-0.06,-0.00,-0.00,-0.00,0.03,-0.10,-0.08,0.00,0.00,-0.00,1,2,3,4
6.799,-0.17,0.03,-0.05,0.00,-0.00,-0.00,0.01,-0.12,-0.07,-0.00,-0.00,0.00,1,2,3,4
6.811,-0.16,0.02,-0.06,0.00,-0.00,0.00,0.02,-0.10,-0.05,0.00,0.00,0.00,1,2,3,4
6.822,-0.17,0.01,-0.09,0.00,-0.00,0.00,0.01,-0.12,-0.06,0.00,0.00,-0.00,1,2,3,4
6.833,-0.15,0.02,-0.05,0.00,0.00,-0.00,0.02,-0.11,-0.04,0.00,-0.00,-0.00,1,2,3,4
6.842,-0.17,0.03,-0.03,-0.00,0.00,0.00,0.02,-0.09,-0.03,0.00,-0.00,0.00,1,2,3,4
6.854,-0.15,0.03,-0.03,0.00,-0.00,0.00,0.01,-0.10,-0.07,0.00,0.00,-0.00,1,2,3,4
6.866,-0.18,0.03,-0.04,0.00,0.00,-0.00,0.02,-0.09,-0.07,0.00,-0.00,0.00,1,2,3,4
6.876,-0.19,0.01,-0.05,0.00,-0.00,0.00,0.00,-0.09,-0.05,0.00,0.00,0.00,1,2,3,4
6.888,-0.17,0.00,-0.07,0.00,-0.00,-0.00,0.03,-0.07,-0.03,0.00,0.00,0.00,1,2,3,4
6.900,-0.16,0.02,-0.05,0.00,-0.00,0.00,0.01,-0.11,-0.03,0.00,-0.00,-0.00,1,2,3,4
6.911,-0.17,0.01,-0.06,0.00,-0.00,0.00,0.04,-0.10,-0.05,-0.00,0.00,0.00,1,2,3,4
6.922,-0.17,0.02,-0.05,-0.00,-0.00,0.00,0.01,-0.11,-0.04,-0.00,-0.00,0.00,1,2,3,4
6.935,-0.15,0.00,-0.05,0.00,-0.00,-0.00,0.04,-0.12,-0.05,0.00,0.00,0.00,1,2,3,4
6.945,-0.16,0.04,-0.01,0.00,0.00,-0.00,0.02,-0.11,-0.04,0.00,0.00,0.00,1,2,3,4
6.957,-0.17,0.01,-0.03,0.00,0.00,0.00,0.02,-0.10,-0.06,-0.00,0.00,-0.00,1,2,3,4
6.969,-0.15,0.01,-0.05,0.00,-0.00,-0.00,0.01,-0.11,-0.08,-0.00,0.00,0.00,1,2,3,4
6.980,-0.18,0.03,-0.08,-0.00,0.00,-0.00,0.01,-0.11,-0.02,0.00,-0.00,0.00,1,2,3,4
6.991,-0.16,0.01,-0.04,-0.00,0.00,0.00,0.02,-0.09,-0.02,0.00,0.00,0.00,1,2,3,4
7.002,-0.17,0.02,-0.07,0.00,0.00,0.00,0.03,-0.11,-0.03,0.00,0.00,0.00,1,2,3,4
7.013,-0.18,0.04,-0.05,-0.00,-0.00,0.00,0.00,-0.10,-0.07,0.00,0.00,0.00,1,2,3,4
7.025,-0.17,0.03,-0.06,0.00,-0.00,0.00,0.01,-0.11,-0.05,0.00,0.00,0.00,1,2,3,4
7.037,-0.18,0.01,-0.02,-0.00,0.00,0.00,0.01,-0.11,-0.02,0.00,-0.00,0.00,1,2,3,4
7.047,-0.17,0.02,-0.05,-0.00,-0.00,-0.00,0.01,-0.08,-0.05,0.00,0.00,0.00,1,2,3,4
7.058,-0.15,0.00,-0.06,0.00,0.00,0.00,0.02,-0.10,-0.09,-0.00,0.00,-0.00,1,2,3,4
7.070,-0.16,0.00,-0.06,0.00,-0.00,-0.00,0.00,-0.11,-0.08,-0.00,0.00,-0.00,1,2,3,4
7.082,-0.15,0.02,-0.06,0.00,-0.00,0.00,0.00,-0.10,-0.07,-0.00,0.00,0.00,1,2,3,4
7.092,-0.17,0.01,-0.05,0.00,0.00,0.00,0.03,-0.13,-0.07,-0.00,0.00,0.00,1,2,3,4
7.104,-0.17,0.02,-0.06,0.00,0.00,0.00,0.01,-0.09,-0.02,-0.00,0.00,0.00,1,2,3,4
7.115,-0.17,0.00,-0.04,0.00,0.00,0.00,0.02,-0.11,-0.06,0.00,-0.00,0.00,1,2,3,4
7.126,-0.15,0.02,-0.06,0.00,0.00,0.00,0.00,-0.11,-0.09,0.00,-0.00,0.00,1,2,3,4
7.136,-0.15,0.04,-0.05,0.00,0.00,0.00,0.02,-0.11,-0.05,-0.00,-0.00,0.00,1,2,3,4
7.146,-0.16,0.04,-0.05,-0.00,0.00,-0.00,0.02,-0.11,-0.06,0.00,0.00,0.00,1,2,3,4
7.157,-0.19,0.01,-0.05,-0.00,0.00,0.00,0.01,-0.12,-0.06,0.00,0.00,0.00,1,2,3,4
7.167,-0.18,0.01,-0.01,0.00,0.00,-0.00,0.00,-0.10,-0.04,0.00,0.00,0.00,1,2,3,4
7.177,-0.17,0.00,-0.06,0.00,0.00,-0.00,0.02,-0.11,-0.05,-0.00,0.00,0.00,1,2,3,4
7.187,-0.17,0.00,-0.06,-0.00,0.00,0.00,0.03,-0.10,-0.05,0.00,0.00,0.00,1,2,3,4
7.198,-0.15,0.01,-0.04,0.00,0.00,-0.00,0.02,-0.11,-0.07,0.00,-0.00,0.00,1,2,3,4
7.207,-0.13,0.00,-0.04,0.00,0.00,0.00,0.05,-0.10,-0.09,0.00,0.01,-0.00,1,2,3,4
7.217,-0.16,0.01,-0.05,0.00,0.00,-0.00,0.02,-0.10,-0.05,0.00,0.00,-0.00,1,2,3,4
7.226,-0.16,0.01,-0.05,-0.00,-0.00,0.00,0.03,-0.10,-0.05,-0.00,0.01,-0.00,1,2,3,4
7.237,-0.15,0.02,-0.06,-0.00,-0.00,-0.00,0.01,-0.11,-0.05,-0.00,0.00,0.00,1,2,3,4
7.247,-0.17,0.05,-0.06,0.00,0.00,-0.00,0.01,-0.12,-0.06,0.00,0.00,0.00,1,2,3,4
7.257,-0.18,0.01,-0.04,0.00,0.00,0.00,0.01,-0.10,-0.09,0.00,0.00,-0.00,1,2,3,4
7.266,-0.14,0.01,-0.02,0.00,0.00,0.00,0.00,-0.10,-0.07,-0.00,0.00,-0.00,1,2,3,4
7.277,-0.16,0.04,-0.08,0.00,0.00,0.00,0.00,-0.12,-0.04,-0.00,0.00,0.00,1,2,3,4
7.287,-0.18,0.02,-0.05,0.00,0.00,0.00,0.01,-0.10,-0.03,-0.00,-0.00,-0.00,1,2,3,4
7.297,-0.19,0.03,-0.04,0.00,0.00,-0.00,0.02,-0.10,-0.02,0.00,0.00,0.00,1,2,3,4
7.306,-0.17,0.03,-0.06,0.00,0.00,0.00,0.01,-0.10,-0.08,0.00,0.00,0.00,1,2,3,4
7.316,-0.12,0.01,-0.03,0.00,0.00,0.00,0.02,-0.11,-0.08,-0.00,0.00,-0.00,1,2,3,4
7.327,-0.15,0.03,-0.04,-0.00,0.00,0.00,0.00,-0.11,-0.04,-0.00,0.00,0.00,1,2,3,4
7.337,-0.17,0.01,-0.07,0.00,0.00,0.00,0.01,-0.10,-0.02,0.00,-0.00,0.00,1,2,3,4
7.346,-0.19,0.01,-0.04,0.00,-0.00,-0.00,0.01,-0.11,0.00,0.00,0.00,0.00,1,2,3,4
7.356,-0.19,0.01,-0.04,0.00,0.00,0.00,0.02,-0.11,-0.06,0.00,0.00,0.00,1,2,3,4
7.367,-0.20,0.03,-0.06,0.00,0.00,0.00,0.02,-0.08,-0.08,-0.00,-0.00,-0.00,1,2,3,4
7.377,-0.17,0.04,-0.05,-0.00,0.00,0.00,0.02,-0.12,-0.09,0.00,0.00,-0.00,1,2,3,4
7.387,-0.14,0.03,-0.07,-0.00,-0.00,0.00,0.00,-0.13,-0.06,0.00,-0.00,0.00,1,2,3,4
7.396,-0.17,0.02,-0.06,0.00,-0.00,0.00,0.01,-0.13,-0.03,0.00,0.00,0.00,1,2,3,4
7.407,-0.18,0.03,-0.05,0.00,0.00,0.00,0.02,-0.11,-0.05,-0.00,-0.00,0.00,1,2,3,4
7.417,-0.21,0.03,-0.02,-0.00,0.00,0.00,0.01,-0.12,-0.04,0.00,0.00,-0.00,1,2,3,4
7.427,-0.16,0.02,-0.08,0.00,0.00,0.00,0.00,-0.10,-0.06,0.00,0.00,-0.00,1,2,3,4
7.436,-0.14,0.01,-0.04,0.00,-0.00,0.00,0.05,-0.08,-0.05,0.00,0.00,0.00,1,2,3,4
7.447,-0.15,0.00,-0.05,-0.00,0.00,-0.00,0.02,-0.09,-0.06,0.00,-0.00,-0.00,1,2,3,4
7.457,-0.15,0.02,-0.06,-0.00,-0.00,-0.00,0.02,-0.09,-0.08,0.00,0.00,-0.00,1,2,3,4
7.467,-0.19,0.00,-0.04,0.00,-0.00,-0.00,0.00,-0.11,0.00,0.00,-0.00,0.00,1,2,3,4
7.477,-0.20,0.01,-0.06,-0.00,0.00,-0.00,0.03,-0.12,-0.04,0.00,-0.00,0.00,1,2,3,4
7.486,-0.18,0.01,-0.06,0.00,0.00,-0.00,0.01,-0.10,-0.07,-0.00,0.00,0.00,1,2,3,4
7.497,-0.18,0.02,-0.01,-0.00,0.00,0.00,0.03,-0.11,-0.06,-0.00,-0.00,0.00,1,2,3,4
7.507,-0.17,0.02,-0.03,0.00,0.00,-0.00,0.01,-0.09,-0.09,-0.00,-0.00,-0.00,1,2,3,4
7.517,-0.15,0.02,-0.04,-0.00,0.00,0.00,0.02,-0.13,-0.07,0.00,-0.00,-0.00,1,2,3,4
7.527,-0.16,0.02,-0.08,0.00,0.00,0.00,0.00,-0.11,-0.05,-0.00,0.00,0.00,1,2,3,4
7.537,-0.18,0.01,-0.03,0.00,-0.00,0.00,0.00,-0.11,-0.03,0.00,0.00,0.00,1,2,3,4
7.547,-0.18,0.01,-0.03,0.00,-0.00,0.00,0.01,-0.10,-0.04,0.00,0.00,0.00,1,2,3,4
7.557,-0.18,0.04,-0.04,-0.00,0.00,-0.00,0.01,-0.13,-0.09,0.00,-0.00,-0.00,1,2,3,4
7.567,-0.16,0.01,-0.07,0.00,0.00,-0.00,0.02,-0.10,-0.10,0.00,-0.00,0.00,1,2,3,4
7.578,-0.17,0.01,-0.05,0.00,-0.00,0.00,0.02,-0.10,-0.10,0.00,-0.00,0.00,1,2,3,4
7.587,-0.16,0.01,-0.04,0.00,0.00,-0.00,0.02,-0.11,-0.07,-0.00,0.00,0.00,1,2,3,4
7.597,-0.20,0.01,-0.03,0.00,-0.00,-0.00,0.02,-0.11,-0.07,0.00,0.00,0.00,1,2,3,4
7.607,-0.17,-0.01,-0.07,0.00,-0.00,0.00,0.03,-0.11,-0.02,-0.00,0.00,0.00,1,2,3,4
7.618,-0.16,0.01,-0.07,0.00,0.00,0.00,0.00,-0.11,-0.07,0.00,-0.00,0.00,1,2,3,4
7.628,-0.16,0.02,-0.06,0.00,0.00,0.00,0.02,-0.09,-0.05,-0.00,-0.00,0.00,1,2,3,4
7.638,-0.17,0.02,-0.04,0.00,0.00,0.00,0.01,-0.11,-0.07,0.00,0.00,0.00,1,2,3,4
7.647,-0.16,0.04,-0.07,0.00,-0.00,-0.00,0.01,-0.11,-0.07,0.00,0.00,-0.00,1,2,3,4
7.657,-0.18,0.02,-0.04,-0.00,0.00,0.00,0.00,-0.12,-0.04,0.00,0.00,0.00,1,2,3,4
7.668,-0.18,0.02,-0.06,0.00,0.00,0.00,0.02,-0.11,-0.04,0.00,0.00,0.00,1,2,3,4
7.678,-0.18,0.00,-0.07,-0.00,-0.00,-0.00,0.00,-0.11,-0.05,-0.00,0.00,0.00,1,2,3,4
7.688,-0.15,0.03,-0.05,0.00,0.00,-0.00,0.02,-0.12,-0.06,0.00,-0.00,0.00,1,2,3,4
7.