Time,IMU1_xt,IMU1_yt,IMU1_zt,IMU1_xr,IMU1_yr,IMU1_zr,IMU2_xt,IMU2_yt,IMU2_zt,IMU2_xr,IMU2_yr,IMU2_zr,EMG1,EMG2,EMG3,EMG4,NA,0,0,None,2,2,0,0,0,0,None,0
0.006,0.05,0.02,0.06,0.00,-0.00,0.00,-0.03,0.04,-0.13,0.01,-0.00,0.00,0,56,19,32
0.018,0.05,0.02,0.07,0.00,-0.00,0.00,-0.01,-0.03,-0.02,0.00,0.00,-0.00,0,58,19,34
0.028,0.07,0.03,0.05,-0.01,0.00,-0.00,0.01,0.07,0.00,-0.01,0.01,-0.00,0,60,20,37
0.038,0.11,0.04,0.03,-0.01,0.01,-0.00,-0.02,0.00,-0.02,-0.00,0.00,0.00,0,60,19,37
0.048,0.08,0.02,0.05,0.00,0.00,-0.00,0.02,-0.03,0.00,0.01,-0.01,0.01,0,60,20,37
0.058,0.10,0.03,0.05,0.01,-0.00,0.00,0.06,0.03,0.00,0.00,-0.01,-0.00,0,59,20,39
0.068,0.10,0.04,0.06,0.01,-0.00,-0.00,0.03,0.05,-0.02,-0.01,-0.00,-0.00,0,62,19,41
0.078,0.09,0.01,0.08,0.00,-0.01,-0.00,0.00,-0.03,-0.02,-0.00,0.00,0.00,0,62,20,41
0.088,0.09,0.05,0.07,0.00,-0.00,-0.00,0.00,-0.06,0.03,0.01,0.00,0.01,0,63,19,41
0.098,0.09,0.04,0.02,0.00,-0.01,-0.00,0.03,-0.02,0.01,0.00,-0.00,-0.00,0,62,20,39
0.109,0.08,0.04,0.07,0.00,-0.00,0.00,0.00,0.02,0.00,-0.01,0.00,-0.00,0,62,19,38
0.119,0.06,-0.01,0.07,0.00,-0.00,0.00,-0.02,0.04,0.00,-0.00,0.01,0.00,0,63,20,41
0.129,0.06,0.03,0.09,0.00,0.00,-0.00,0.00,0.02,0.08,0.00,0.00,0.00,0,64,19,41
0.139,0.07,0.02,0.07,0.00,0.00,0.00,0.02,0.03,0.03,0.00,-0.00,-0.00,0,63,20,40
0.150,0.06,0.00,0.07,0.00,0.00,0.00,0.00,0.00,-0.05,-0.00,-0.00,0.00,0,63,20,40
0.163,0.06,0.03,0.06,-0.00,0.00,-0.00,-0.03,-0.01,-0.03,0.00,0.00,0.00,0,62,19,40
0.175,0.07,0.02,0.07,-0.00,0.00,-0.00,0.03,0.03,0.02,0.00,0.00,-0.00,0,63,20,41
0.188,0.08,0.02,0.08,-0.01,0.00,0.00,0.03,0.06,0.00,-0.00,0.00,-0.00,0,63,20,40
0.199,0.09,0.01,0.03,-0.00,0.00,-0.00,-0.03,0.02,-0.02,0.01,-0.00,0.00,0,60,20,39
0.209,0.10,0.03,0.06,-0.00,0.00,0.00,-0.02,-0.03,-0.02,0.01,-0.01,0.00,0,62,20,40
0.219,0.10,0.04,0.06,0.00,-0.00,-0.00,0.03,0.02,-0.02,-0.00,-0.00,-0.00,0,62,20,41
0.231,0.09,0.02,0.09,0.00,-0.00,0.00,0.02,0.02,0.00,-0.00,0.01,-0.00,0,63,20,41
0.243,0.07,0.02,0.06,0.00,-0.00,-0.00,0.00,-0.03,0.03,0.00,0.01,0.00,0,63,20,41
0.256,0.08,0.02,0.02,0.00,0.00,0.00,-0.02,0.01,-0.02,0.00,0.00,0.00,0,63,21,40
0.268,0.06,0.04,0.09,0.00,-0.00,-0.00,0.00,0.04,0.00,-0.00,0.00,0.00,0,63,21,41
0.279,0.08,0.03,0.10,0.00,0.00,-0.00,-0.01,0.02,0.03,0.00,-0.01,0.00,0,62,21,41
0.290,0.08,0.00,0.07,0.00,-0.00,0.00,0.00,-0.02,0.02,-0.00,-0.01,0.00,0,63,21,41
0.300,0.07,0.02,0.01,-0.00,0.00,-0.00,0.01,0.00,-0.02,0.00,-0.01,-0.00,0,63,22,42
0.312,0.05,0.01,0.07,0.00,-0.00,0.00,0.03,0.01,0.00,0.00,-0.00,-0.00,0,64,21,40
0.325,0.06,0.01,0.06,0.00,-0.01,-0.00,0.00,0.00,0.01,0.00,0.00,-0.00,0,63,21,41
0.337,0.09,0.04,0.07,0.00,-0.00,0.00,-0.02,-0.02,0.02,-0.00,0.00,0.00,0,64,21,39
0.349,0.06,0.02,0.06,-0.00,0.00,-0.00,0.00,-0.02,0.00,0.00,0.00,0.00,0,65,21,41
0.360,0.06,0.02,0.08,0.00,-0.00,0.00,0.00,-0.03,-0.03,0.00,0.00,-0.00,0,63,21,39
0.371,0.06,0.03,0.08,0.00,-0.00,-0.00,0.02,0.03,0.00,-0.00,-0.00,-0.00,0,64,22,40
0.382,0.06,0.04,0.09,0.00,0.00,0.00,0.00,0.00,0.02,0.00,0.00,0.00,0,65,22,40
0.395,0.07,0.02,0.06,-0.00,0.00,0.00,0.01,-0.01,0.00,0.00,0.00,0.00,0,66,21,42
0.408,0.07,0.02,0.07,-0.00,0.00,0.00,0.00,0.00,0.02,0.00,0.00,0.00,0,67,21,42
0.420,0.06,0.03,0.09,-0.00,0.00,0.00,0.00,0.03,0.02,-0.00,0.00,-0.00,0,67,21,43
0.431,0.09,0.03,0.06,0.00,0.00,0.00,0.02,0.00,0.00,0.00,-0.00,0.00,0,67,21,42
0.444,0.10,0.02,0.05,-0.00,0.00,0.00,0.03,0.01,0.00,0.00,-0.00,0.00,0,68,22,44
0.456,0.10,0.01,0.03,-0.00,0.00,0.00,0.02,0.01,-0.06,-0.00,-0.00,-0.00,0,68,21,43
0.468,0.06,0.04,0.05,-0.00,-0.00,-0.00,0.01,0.01,0.00,0.00,0.00,0.00,0,66,21,42
0.479,0.08,0.04,0.07,-0.00,0.00,-0.00,0.01,0.00,0.02,0.00,0.00,0.00,0,67,21,42
0.491,0.07,0.04,0.06,0.00,0.00,-0.00,0.00,0.00,-0.02,0.00,-0.00,0.00,0,69,20,43
0.503,0.06,0.04,0.06,0.00,-0.00,0.00,0.01,0.01,0.00,0.00,-0.00,-0.00,0,69,21,43
0.516,0.06,0.02,0.06,0.00,-0.00,-0.00,0.02,0.04,-0.01,-0.00,-0.00,0.00,0,68,22,43
0.527,0.06,0.02,0.07,0.00,-0.00,0.00,0.00,0.00,-0.01,-0.00,0.00,0.00,0,68,22,43
0.538,0.08,0.04,0.06,0.00,-0.00,-0.00,0.00,-0.01,0.00,0.00,0.00,0.00,0,70,21,45
0.550,0.07,0.04,0.05,0.00,0.00,0.00,0.00,-0.03,0.02,0.00,0.00,-0.00,0,70,21,45
0.562,0.05,0.03,0.08,0.00,0.00,0.00,0.01,0.02,-0.01,0.00,-0.00,0.00,0,70,21,44
0.573,0.07,0.03,0.07,0.00,0.00,0.00,0.01,0.01,0.00,0.00,-0.00,0.00,0,68,21,44
0.584,0.07,0.01,0.09,0.00,-0.00,0.00,0.00,0.00,0.01,0.00,0.00,0.00,0,67,21,42
0.596,0.07,0.01,0.08,0.00,-0.00,-0.00,0.00,0.03,0.00,-0.00,0.00,-0.00,0,69,21,44
0.607,0.04,0.01,0.07,0.00,-0.00,-0.00,0.00,0.01,0.00,-0.00,0.00,0.00,0,67,20,42
0.620,0.07,0.02,0.07,0.00,0.00,-0.00,0.00,0.03,0.00,0.00,-0.00,0.00,0,66,21,43
0.632,0.05,0.01,0.08,-0.00,0.00,0.00,0.02,0.02,0.02,0.00,-0.00,-0.00,0,65,22,42
0.644,0.04,0.01,0.08,-0.00,0.00,-0.00,0.00,0.01,0.00,0.00,0.00,0.00,0,65,21,42
0.656,0.07,0.00,0.08,0.00,0.00,0.00,0.00,0.00,0.00,0.00,0.01,0.00,0,67,21,42
0.667,0.08,0.02,0.06,-0.00,0.00,0.00,0.00,0.01,0.04,0.00,-0.00,0.00,0,65,20,41
0.677,0.06,0.04,0.07,-0.00,0.00,0.00,0.02,0.02,0.01,0.00,-0.00,0.00,0,66,20,42
0.689,0.06,0.02,0.06,-0.00,0.00,-0.00,0.01,0.00,-0.02,-0.00,-0.00,0.00,0,66,21,42
0.702,0.07,0.01,0.08,0.00,0.00,-0.00,-0.01,0.00,-0.01,0.00,-0.00,0.00,0,67,20,42
0.714,0.08,0.03,0.04,-0.00,0.00,-0.00,0.01,0.03,-0.01,-0.00,0.00,-0.00,0,67,20,43
0.725,0.07,0.04,0.06,0.00,-0.00,-0.00,0.00,0.02,0.00,0.00,0.00,0.00,0,67,22,42
0.735,0.10,0.01,0.06,0.00,-0.00,0.00,-0.01,0.00,-0.01,0.00,0.00,0.00,0,69,20,44
0.746,0.05,0.03,0.06,0.00,0.00,0.00,0.02,0.01,0.01,-0.00,-0.00,0.00,0,70,20,46
0.756,0.06,0.02,0.06,0.00,-0.00,0.00,0.01,-0.01,0.00,0.00,0.00,0.00,0,72,20,45
0.767,0.06,0.04,0.08,0.00,-0.00,0.00,0.01,0.02,0.02,-0.00,0.00,0.00,0,72,21,46
0.776,0.04,0.04,0.07,0.00,-0.00,-0.00,0.00,0.00,0.00,0.00,0.00,0.00,0,72,20,46
0.788,0.08,0.02,0.04,0.00,-0.00,0.00,0.01,0.00,0.04,0.00,0.00,-0.00,0,72,21,46
0.799,0.07,0.02,0.05,0.00,0.00,0.00,0.01,0.01,0.05,0.00,-0.00,0.00,0,71,20,45
0.812,0.08,0.01,0.07,0.00,0.00,-0.00,0.00,0.02,-0.03,-0.00,-0.00,0.00,0,70,20,44
0.823,0.06,0.00,0.07,0.00,0.00,-0.00,0.00,0.00,0.00,0.00,0.00,-0.00,0,69,19,44
0.835,0.06,0.03,0.09,0.00,0.00,0.00,0.01,0.00,0.00,-0.00,0.00,-0.00,0,70,20,46
0.846,0.06,0.04,0.06,0.00,-0.00,0.00,0.01,0.01,-0.01,0.00,0.01,0.00,0,69,20,43
0.856,0.07,0.04,0.04,-0.00,-0.00,0.00,0.00,0.00,0.00,0.00,0.00,0.00,0,70,20,44
0.866,0.05,0.03,0.08,0.00,0.00,0.00,0.00,0.03,0.00,-0.00,0.00,-0.00,0,69,20,44
0.876,0.05,0.03,0.08,0.00,0.00,0.00,-0.01,0.03,0.00,0.00,0.00,-0.00,0,68,20,43
0.886,0.03,0.02,0.09,-0.00,0.00,0.00,0.00,0.00,0.01,0.00,-0.00,0.00,0,69,20,43
0.896,0.07,0.03,0.05,-0.00,0.00,0.00,0.00,0.02,0.02,0.00,0.00,-0.00,0,68,20,44
0.906,0.07,0.01,0.08,-0.01,0.00,0.00,0.02,0.02,0.00,0.00,-0.01,0.00,0,69,20,43
0.917,0.06,0.01,0.05,-0.00,0.00,0.00,0.00,0.00,-0.02,0.00,-0.00,0.00,0,69,20,44
0.926,0.07,0.04,0.06,-0.00,0.00,0.00,0.01,0.00,0.00,0.00,0.00,0.00,0,68,21,43
0.936,0.07,0.04,0.05,0.00,-0.00,0.00,0.00,0.00,-0.02,-0.00,0.00,0.00,0,68,20,44
0.946,0.07,0.03,0.06,0.00,0.00,0.00,0.01,0.02,0.00,0.00,0.00,0.00,0,68,20,43
0.956,0.10,0.02,0.05,0.00,0.00,0.00,0.02,0.00,0.00,0.00,0.00,-0.00,0,68,20,42
0.966,0.06,0.02,0.07,0.00,-0.00,-0.00,0.00,0.01,0.01,0.00,-0.00,0.00,0,67,20,42
0.976,0.08,0.02,0.08,0.00,-0.00,0.00,-0.01,0.00,0.01,-0.00,-0.01,0.00,0,66,20,41
0.986,0.08,0.03,0.08,0.00,0.00,-0.00,0.00,0.00,0.02,0.00,-0.01,0.00,0,65,20,41
0.997,0.08,0.01,0.06,0.00,0.00,-0.00,0.02,0.03,-0.01,0.00,-0.00,0.00,0,68,20,41
1.006,0.09,0.01,0.06,-0.00,0.00,0.00,0.02,0.02,-0.04,-0.00,-0.00,0.00,0,67,21,41
1.016,0.06,0.00,0.04,-0.00,0.00,0.00,0.01,0.01,-0.04,0.00,-0.00,0.00,0,68,20,42
1.026,0.09,0.00,0.07,0.00,-0.00,0.00,0.00,-0.01,-0.02,0.00,0.00,0.00,0,66,21,41
1.036,0.11,0.02,0.08,0.00,-0.00,0.00,0.01,0.00,0.00,0.00,-0.00,-0.00,0,66,20,41
1.046,0.09,0.02,0.03,0.00,0.00,0.00,0.03,0.01,0.00,-0.00,-0.00,-0.00,0,66,20,41
1.056,0.10,0.03,0.05,-0.00,0.00,0.00,0.03,0.00,-0.01,-0.00,-0.00,0.00,0,66,20,40
1.066,0.07,0.01,0.07,0.00,-0.00,0.00,0.00,-0.02,-0.02,-0.00,0.00,0.00,0,67,20,42
1.076,0.09,0.04,0.09,0.00,-0.01,0.00,0.00,-0.01,0.00,0.00,-0.00,0.00,0,66,21,42
1.086,0.06,0.03,0.07,-0.00,-0.00,0.00,0.00,0.01,0.03,0.00,0.00,-0.00,0,67,20,43
1.096,0.05,0.02,0.08,0.00,-0.00,0.00,-0.01,0.03,0.01,-0.00,0.00,0.00,0,67,19,41
1.106,0.06,0.02,0.05,0.00,0.00,0.00,0.00,0.00,0.00,-0.00,0.00,0.00,0,67,21,42
1.116,0.06,0.04,0.09,0.00,-0.00,0.00,0.00,0.01,0.00,0.00,-0.00,0.00,0,67,20,42
1.127,0.03,0.03,0.07,-0.00,0.00,0.00,0.01,0.02,0.01,-0.00,0.00,0.00,0,67,20,42
1.137,0.06,0.04,0.06,-0.00,-0.00,0.00,0.00,0.02,0.03,-0.00,0.00,-0.00,0,67,20,42
1.147,0.05,0.03,0.08,0.00,0.00,0.00,-0.02,0.01,0.02,0.00,0.00,0.00,0,68,20,43
1.156,0.04,0.02,0.09,0.00,0.00,-0.00,-0.01,0.00,0.02,0.00,0.00,0.00,0,68,20,41
1.167,0.05,0.05,0.08,0.00,-0.00,0.00,-0.01,0.02,0.00,0.00,0.00,0.00,0,69,20,43
1.177,0.06,0.05,0.08,-0.00,0.00,0.00,-0.01,0.00,0.01,0.00,-0.00,0.00,0,68,20,44
1.187,0.08,0.03,0.08,0.00,0.00,-0.00,0.02,0.00,0.02,0.00,-0.01,-0.00,0,67,19,42
1.197,0.10,0.03,0.06,-0.00,-0.00,0.00,0.00,0.01,-0.03,0.00,-0.01,-0.00,0,67,20,43
1.207,0.08,0.04,0.05,0.00,0.00,0.00,0.01,0.00,-0.01,0.00,-0.00,-0.00,0,68,20,43
1.217,0.08,0.04,0.06,0.00,0.00,-0.00,0.01,-0.02,-0.01,0.00,0.00,0.00,0,67,19,43
1.227,0.08,0.04,0.07,0.00,-0.00,0.00,0.00,0.00,0.00,-0.00,0.00,-0.00,0,66,20,43
1.237,0.06,0.01,0.08,0.00,0.00,-0.00,-0.01,0.01,0.02,-0.00,0.00,0.00,0,67,20,43
1.247,0.07,0.00,0.04,0.00,-0.00,-0.00,0.00,0.03,0.02,0.00,0.00,0.00,0,66,20,41
1.258,0.08,0.03,0.06,0.00,-0.00,0.00,0.00,0.01,-0.01,0.00,-0.00,0.00,0,68,21,43
1.268,0.09,0.03,0.08,0.00,0.00,0.00,0.00,0.03,-0.04,0.00,-0.00,-0.00,0,67,20,41
1.278,0.08,0.02,0.04,0.00,0.00,-0.00,0.02,0.00,-0.04,0.00,-0.00,0.00,0,67,20,42
1.287,0.08,0.03,0.04,0.00,-0.00,0.00,0.03,0.02,0.00,0.00,-0.00,0.00,0,68,19,43
1.298,0.10,0.02,0.05,0.00,-0.00,-0.00,0.02,0.01,-0.02,0.00,0.00,0.00,0,69,19,43
1.308,0.09,0.02,0.05,-0.00,-0.00,0.00,0.01,0.00,-0.04,0.00,-0.00,0.00,0,66,19,41
1.318,0.09,0.04,0.07,0.00,-0.00,-0.00,0.00,0.00,-0.02,0.00,0.00,0.00,0,68,19,42
1.328,0.07,0.03,0.06,0.00,-0.00,-0.00,-0.01,0.01,0.03,0.00,0.00,0.00,0,69,20,43
1.339,0.08,0.01,0.06,0.00,-0.00,0.00,0.02,0.01,0.02,0.00,0.00,0.00,0,68,20,42
1.348,0.07,0.03,0.08,0.00,-0.00,0.00,0.00,-0.01,0.00,0.00,0.00,0.00,0,69,20,42
1.358,0.05,0.03,0.09,0.00,-0.00,0.00,0.00,0.00,0.01,0.00,0.00,-0.00,0,68,20,42
1.368,0.06,0.03,0.10,0.00,0.00,-0.00,0.00,0.00,0.03,0.00,0.00,0.00,0,69,20,45
1.378,0.06,0.04,0.04,-0.00,0.01,-0.00,0.01,0.01,0.04,0.00,-0.00,0.00,0,67,20,41
1.389,0.03,0.01,0.09,-0.00,0.00,0.00,0.00,0.01,-0.01,-0.00,-0.00,-0.00,0,67,20,41
1.399,0.07,0.03,0.05,0.00,0.00,-0.00,-0.02,0.00,-0.03,-0.00,0.00,0.00,0,69,20,41
1.410,0.06,0.04,0.08,0.00,-0.00,0.00,-0.01,-0.01,0.01,0.00,-0.00,0.00,0,69,19,44
1.419,0.06,0.05,0.04,-0.01,0.01,0.00,0.04,0.00,0.08,0.01,-0.01,-0.00,0,67,20,42
1.432,0.09,0.04,0.09,-0.01,0.01,-0.00,-0.01,0.04,-0.06,-0.00,-0.00,-0.00,0,68,20,42
1.446,0.07,0.00,0.12,0.00,-0.00,-0.00,-0.09,-0.01,-0.08,-0.00,0.01,0.00,0,67,19,42
1.457,0.10,0.05,0.07,-0.00,0.00,-0.00,-0.06,-0.06,0.01,0.01,0.01,0.01,0,66,20,40
1.469,0.09,0.06,0.06,-0.01,0.01,-0.00,0.03,-0.02,0.14,-0.01,-0.01,-0.01,0,64,19,40
1.480,0.07,0.01,0.04,-0.00,0.00,-0.00,-0.01,0.00,-0.13,-0.01,-0.00,0.00,0,63,20,41
1.490,0.03,0.02,0.09,0.01,-0.00,0.00,-0.03,-0.08,-0.04,0.01,0.00,0.01,0,63,20,40
1.503,0.06,0.02,0.08,0.01,-0.00,-0.00,0.00,-0.04,0.10,0.01,0.00,0.00,0,66,20,43
1.517,0.10,0.03,0.06,-0.00,0.00,-0.00,0.01,0.10,0.00,-0.01,0.00,-0.01,0,67,19,43
1.529,0.08,0.01,0.08,0.00,0.00,0.00,-0.02,0.03,-0.06,-0.01,0.01,-0.00,0,66,19,45
1.539,0.07,0.01,0.09,0.01,-0.00,0.00,-0.05,-0.05,-0.03,0.01,-0.00,0.00,0,65,20,42
1.551,0.07,0.03,0.07,0.00,-0.00,0.00,0.03,0.07,-0.02,-0.00,-0.00,-0.00,0,67,20,44
1.563,0.08,0.01,0.05,-0.00,0.00,-0.00,0.00,0.03,-0.08,-0.01,0.00,-0.00,0,69,20,45
1.577,0.09,0.04,0.08,-0.01,0.00,-0.00,-0.03,-0.03,-0.03,0.00,0.01,0.00,0,69,20,46
1.587,0.09,0.04,0.09,0.00,-0.00,0.00,0.03,0.00,0.01,0.01,-0.00,0.00,0,70,20,46
1.599,0.09,0.03,0.05,-0.00,0.00,0.00,0.01,0.00,-0.01,-0.00,0.00,-0.00,0,70,19,45
1.610,0.09,0.02,0.08,-0.00,0.00,0.00,-0.03,-0.01,-0.02,0.00,0.00,0.00,0,69,20,44
1.620,0.10,0.02,0.04,0.00,0.00,0.00,0.03,0.00,0.03,0.01,-0.01,0.00,0,69,20,44
1.632,0.10,0.02,0.08,0.00,-0.00,0.00,0.02,0.01,-0.01,0.00,-0.01,-0.00,0,68,20,43
1.646,0.05,0.01,0.08,0.00,0.00,0.00,-0.01,0.00,-0.03,-0.00,0.00,0.00,0,68,20,43
1.658,0.06,0.00,0.06,-0.00,0.00,-0.00,-0.01,0.00,0.02,0.00,0.01,0.00,0,68,21,43
1.669,0.06,0.00,0.06,-0.00,0.00,0.00,0.02,0.03,-0.01,0.00,0.00,-0.00,0,69,19,44
1.681,0.06,0.00,0.01,-0.00,0.00,0.00,-0.01,-0.01,-0.01,0.00,-0.00,0.00,0,68,19,44
1.693,0.05,0.02,0.08,0.00,-0.00,0.00,0.00,0.02,0.01,0.00,-0.01,0.00,0,69,20,43
1.706,0.05,0.02,0.08,0.00,-0.00,0.00,0.03,0.02,-0.01,-0.00,-0.00,-0.00,0,69,19,45
1.718,0.04,0.04,0.05,-0.00,0.00,0.00,0.01,0.05,-0.02,-0.00,0.00,-0.00,0,71,20,45
1.730,0.07,0.01,0.04,0.00,-0.00,0.00,0.00,0.01,0.02,0.00,0.00,0.00,0,69,20,44
1.742,0.07,0.01,0.08,0.00,-0.00,0.00,0.01,0.03,0.01,-0.00,-0.00,-0.00,0,68,19,45
1.754,0.07,0.04,0.06,0.00,-0.00,-0.00,0.01,0.02,0.02,0.00,0.00,0.00,0,71,19,47
1.768,0.09,0.04,0.08,0.00,0.00,-0.00,0.01,0.00,-0.02,0.00,0.00,0.00,0,68,20,44
1.779,0.08,0.05,0.06,0.00,0.00,0.00,0.00,0.00,0.00,0.00,0.00,0.00,0,67,19,44
1.790,0.10,0.03,0.09,0.00,0.00,0.00,0.02,0.00,0.01,0.00,0.00,-0.00,0,67,21,43
1.802,0.08,0.05,0.03,-0.00,0.00,0.00,0.01,0.00,0.00,0.00,0.00,0.00,0,66,20,43
1.815,0.07,0.01,0.08,0.00,-0.00,-0.00,0.01,0.00,-0.04,0.00,0.00,0.00,0,67,20,43
1.827,0.06,0.02,0.05,0.00,-0.00,0.00,0.02,0.00,0.00,0.00,0.00,0.00,0,68,19,43
1.836,0.07,0.01,0.06,0.00,-0.00,0.00,0.01,0.01,0.00,0.00,0.00,0.00,0,68,19,43
1.848,0.07,0.02,0.07,0.00,-0.00,0.00,0.00,0.03,-0.03,0.00,0.00,0.00,0,68,20,43
1.861,0.08,0.01,0.07,0.00,0.00,-0.00,-0.02,0.02,0.00,0.00,-0.00,0.00,0,68,20,43
1.872,0.10,0.04,0.07,0.00,0.00,-0.00,0.02,0.00,0.00,0.00,-0.00,-0.00,0,68,19,43
1.883,0.06,0.03,0.06,-0.00,-0.00,0.00,0.00,0.00,0.00,0.00,0.00,-0.00,0,68,19,43
1.895,0.07,0.04,0.10,0.00,-0.00,0.00,-0.01,0.02,0.00,0.00,0.00,0.00,0,69,19,44
1.906,0.06,0.03,0.07,0.00,0.00,0.00,0.00,0.01,0.03,0.00,0.00,-0.00,0,71,20,44
1.917,0.08,0.02,0.08,-0.00,0.00,-0.00,0.00,0.02,0.02,0.00,0.00,0.00,0,71,20,48
1.929,0.08,0.04,0.06,0.00,0.00,-0.00,0.00,0.00,-0.01,0.00,0.01,-0.00,0,69,20,44
1.942,0.06,0.03,0.05,0.00,0.00,0.00,-0.01,-0.01,-0.01,0.00,0.00,0.00,0,69,20,44
1.954,0.10,0.02,0.04,0.00,0.00,-0.00,0.03,0.02,0.02,0.00,0.00,-0.00,0,69,19,45
1.965,0.09,0.01,0.05,-0.00,0.00,-0.00,0.00,0.00,-0.06,0.00,0.00,0.00,0,71,20,45
1.975,0.09,0.02,0.05,0.00,-0.00,-0.00,-0.01,0.00,-0.01,0.00,0.00,0.00,0,71,19,45
1.986,0.07,0.02,0.06,0.00,-0.00,0.00,0.00,-0.01,0.01,0.00,0.00,0.00,0,71,19,46
1.996,0.08,0.03,0.04,-0.00,0.00,-0.00,0.01,0.00,0.02,0.00,0.00,-0.00,0,71,20,46
2.006,0.06,0.03,0.06,0.00,0.00,0.00,0.00,0.00,0.00,0.00,0.00,0.00,0,73,20,45
2.016,0.07,0.02,0.08,0.00,-0.00,0.00,0.00,0.00,0.00,0.00,0.00,0.00,0,69,20,44
2.028,0.08,0.03,0.09,0.00,-0.00,-0.00,0.00,0.00,0.00,0.00,-0.00,0.00,0,67,20,43
2.038,0.09,0.02,0.06,0.00,-0.00,0.00,0.00,0.00,0.00,-0.00,-0.00,-0.00,0,67,20,42
2.050,0.06,0.03,0.04,-0.00,0.00,-0.00,0.02,0.01,0.00,0.00,-0.00,0.00,0,69,20,45
2.063,0.07,0.03,0.10,0.00,0.00,0.00,0.00,0.01,0.01,0.00,0.00,0.00,0,69,20,46
2.074,0.06,0.01,0.04,0.00,0.00,0.00,0.01,0.01,0.01,0.00,-0.00,-0.00,0,67,19,43
2.085,0.06,0.02,0.04,-0.00,0.00,0.00,0.01,0.01,0.00,0.00,-0.00,0.00,0,67,20,44
2.095,0.06,0.02,0.04,-0.00,0.00,-0.00,0.00,0.02,0.00,0.00,0.00,-0.00,0,66,19,42
2.106,0.07,0.02,0.06,-0.00,0.00,0.00,-0.02,0.00,0.00,0.00,-0.00,0.00,0,66,20,43
2.116,0.07,0.00,0.07,-0.00,0.00,0.00,0.01,0.00,-0.03,0.00,-0.00,0.00,0,66,20,42
2.126,0.09,0.02,0.06,-0.00,0.00,-0.00,0.00,0.00,-0.01,0.00,0.00,-0.00,0,67,20,42
2.136,0.08,0.03,0.08,-0.00,0.00,0.00,0.02,0.02,0.00,0.00,0.00,0.00,0,68,20,45
2.145,0.06,0.02,0.08,-0.00,0.00,0.00,0.01,0.00,0.00,0.00,0.00,-0.00,0,69,19,44
2.156,0.07,0.02,0.09,0.00,0.00,0.00,0.02,0.00,0.00,0.00,-0.00,0.00,0,70,20,45
2.166,0.09,0.04,0.06,0.00,0.00,-0.00,0.00,0.00,-0.01,0.00,0.00,0.00,0,68,20,43
2.176,0.09,0.02,0.09,0.00,0.00,0.00,-0.01,0.00,-0.01,0.00,-0.00,0.00,0,69,20,44
2.186,0.07,0.05,0.07,-0.00,0.00,0.00,0.01,-0.01,0.00,0.00,0.00,-0.00,0,69,20,44
2.196,0.07,0.03,0.04,0.00,0.00,-0.00,0.03,0.02,0.01,0.00,-0.01,0.00,0,71,20,45
2.206,0.06,0.01,0.08,0.00,-0.00,0.00,0.00,0.00,-0.01,0.00,-0.00,0.00,0,70,19,44
2.216,0.06,0.01,0.10,0.00,-0.00,-0.00,0.00,0.00,0.00,0.00,0.01,0.00,0,70,19,44
2.226,0.10,0.02,0.07,0.00,-0.00,-0.00,0.00,0.00,0.00,0.00,0.00,0.00,0,70,20,44
2.236,0.08,0.00,0.06,0.00,0.00,-0.00,0.00,0.00,0.01,-0.00,-0.00,-0.00,0,68,20,46
2.246,0.07,0.03,0.07,0.00,0.00,0.00,0.00,0.02,0.00,-0.00,0.00,0.00,0,70,20,45
2.256,0.08,0.04,0.07,0.00,-0.00,-0.00,-0.02,0.00,-0.01,0.00,-0.00,0.00,0,70,20,45
2.266,0.07,0.02,0.06,0.00,-0.00,-0.00,0.00,0.00,0.00,0.00,-0.00,-0.00,0,69,20,45
2.275,0.06,0.02,0.10,0.00,0.00,0.00,0.02,0.00,-0.01,-0.00,0.00,-0.00,0,70,20,45
2.286,0.07,0.03,0.07,0.00,0.00,0.00,0.02,0.04,0.00,0.00,0.00,0.00,0,68,19,43
2.296,0.06,0.02,0.05,-0.00,0.00,-0.00,-0.01,0.00,0.02,0.00,0.00,0.00,0,67,20,42
2.306,0.06,0.01,0.08,-0.00,0.00,0.00,0.00,0.00,0.00,0.00,0.00,0.00,0,68,19,43
2.316,0.05,0.03,0.10,0.00,0.00,0.00,0.01,0.01,0.00,-0.00,0.00,0.00,0,68,20,43
2.326,0.06,0.01,0.08,0.00,0.00,0.00,0.01,0.02,0.02,-0.00,0.00,-0.00,0,68,19,42
2.336,0.06,0.02,0.08,-0.00,0.00,0.00,0.01,0.03,0.03,0.00,-0.00,0.00,0,68,20,43
2.346,0.07,0.02,0.05,-0.00,0.00,-0.00,0.00,-0.01,0.00,0.00,-0.00,0.00,0,69,21,44
2.356,0.07,0.02,0.06,0.00,0.00,0.00,0.00,0.00,-0.01,0.00,-0.00,0.00,0,68,19,43
2.367,0.09,0.02,0.07,-0.00,0.00,0.00,0.00,0.00,-0.02,0.00,-0.00,-0.00,0,68,19,43
2.376,0.08,0.02,0.07,-0.00,0.00,-0.00,0.02,0.00,0.00,0.00,0.00,0.00,0,68,20,42
2.387,0.07,0.03,0.07,0.00,0.00,0.00,0.00,-0.01,-0.02,0.00,0.00,0.00,0,68,20,43
2.396,0.10,0.03,0.02,0.00,0.00,0.00,0.00,-0.01,-0.01,0.00,0.00,0.00,0,69,20,43
2.407,0.09,0.04,0.07,0.00,-0.00,-0.00,0.00,0.00,0.00,0.00,0.00,0.00,0,67,20,41
2.417,0.10,0.04,0.07,0.00,0.00,0.00,0.00,0.00,0.00,0.00,0.01,0.00,0,67,19,42
2.427,0.08,0.06,0.06,0.00,0.00,-0.00,0.00,0.00,0.00,-0.00,0.00,-0.00,0,67,20,41
2.437,0.09,0.04,0.08,0.00,0.00,-0.00,-0.01,0.00,0.00,-0.00,-0.00,0.00,0,66,20,42
2.447,0.10,0.03,0.06,0.00,0.00,0.00,0.00,0.00,-0.01,0.00,-0.00,-0.00,0,67,20,41
2.457,0.08,0.00,0.07,0.00,-0.00,0.00,0.01,0.01,-0.01,0.00,-0.00,0.00,0,67,20,42
2.467,0.07,0.02,0.07,0.00,0.00,0.00,0.01,0.01,0.02,-0.00,-0.00,0.00,0,66,20,41
2.477,0.06,0.03,0.06,-0.00,-0.00,0.00,0.01,0.03,0.03,0.00,0.00,-0.00,0,66,20,40
2.487,0.07,0.00,0.07,0.00,-0.00,-0.00,0.03,0.03,0.00,-0.00,-0.00,0.00,0,67,19,41
2.498,0.05,0.02,0.05,0.00,-0.00,-0.00,0.00,0.02,0.03,-0.00,-0.00,0.00,0,68,21,43
2.507,0.06,0.02,0.04,0.00,-0.00,0.00,0.00,0.00,0.02,0.00,0.00,0.00,0,68,19,43
2.517,0.05,0.01,0.08,-0.00,0.00,0.00,0.01,0.02,0.00,0.00,0.00,0.00,0,67,19,43
2.527,0.06,0.03,0.04,0.00,-0.00,-0.00,0.00,0.00,0.00,-0.00,0.00,0.00,0,65,19,40
2.538,0.09,0.03,0.08,-0.00,0.00,0.00,-0.01,0.00,0.00,0.00,-0.00,0.00,0,65,19,41
2.548,0.09,0.04,0.06,-0.00,0.00,-0.00,0.00,0.00,0.00,0.00,-0.00,0.00,0,66,20,42
2.558,0.08,0.01,0.05,0.00,-0.00,-0.00,0.00,-0.02,0.01,0.00,0.00,0.00,0,65,18,41
2.568,0.06,0.03,0.07,-0.00,0.00,0.00,0.01,0.00,0.02,0.00,0.00,-0.00,0,65,20,40
2.578,0.07,0.02,0.10,0.00,0.00,-0.00,0.00,0.00,0.00,-0.00,0.00,-0.00,0,65,20,41
2.588,0.09,0.04,0.05,-0.00,0.00,0.00,0.00,0.00,-0.01,-0.00,0.00,0.00,0,64,20,41
2.598,0.08,0.01,0.05,0.00,0.00,0.00,0.00,0.00,-0.01,0.00,0.00,0.00,0,65,19,41
2.608,0.09,0.02,0.08,0.00,0.00,-0.00,0.02,0.00,0.01,0.00,-0.00,-0.00,0,65,20,41
2.619,0.09,0.01,0.08,0.00,-0.00,-0.00,0.00,0.02,-0.03,-0.00,0.01,-0.00,0,64,19,40
2.629,0.06,0.01,0.08,0.00,0.00,0.00,0.01,0.00,0.01,-0.00,0.00,0.00,0,65,20,41
2.639,0.08,0.02,0.08,0.00,-0.00,0.00,0.01,0.00,0.00,0.00,0.00,0.00,0,63,21,40
2.650,0.05,0.02,0.05,0.00,-0.01,0.00,0.00,0.02,0.03,0.00,0.00,0.00,0,65,20,41
2.663,0.06,0.04,0.08,0.00,-0.01,-0.00,0.01,0.02,0.03,-0.00,0.00,0.00,0,65,20,40
2.675,0.06,0.03,0.10,0.00,0.00,-0.00,0.00,0.03,0.01,0.00,0.00,0.00,0,65,21,41
2.687,0.07,0.02,0.07,0.00,-0.00,0.00,0.00,0.00,0.00,0.00,0.00,0.00,0,67,20,42
2.698,0.08,0.04,0.07,0.00,-0.00,-0.00,0.00,-0.01,0.00,0.00,0.00,0.00,0,68,20,43
2.709,0.06,0.05,0.09,-0.00,0.00,-0.00,0.00,0.00,0.02,0.00,-0.00,-0.00,0,68,19,43
2.719,0.06,0.03,0.07,-0.00,0.00,-0.00,0.00,0.03,0.00,-0.00,0.00,-0.00,0,67,20,42
2.730,0.09,0.02,0.08,-0.00,0.00,0.00,0.00,-0.01,0.00,-0.00,0.00,0.00,0,69,20,44
2.742,0.07,0.02,0.07,-0.00,0.00,0.00,0.00,-0.03,0.02,0.00,-0.00,0.00,0,68,19,43
2.756,0.07,0.02,0.04,-0.00,0.00,0.00,0.00,0.01,0.01,0.00,0.00,0.00,0,67,20,42
2.768,0.07,0.03,0.06,-0.00,0.00,0.00,0.00,0.00,0.00,-0.00,0.00,-0.00,0,66,21,41
2.778,0.08,0.01,0.05,-0.00,0.00,0.00,0.00,0.00,-0.04,-0.00,-0.00,0.00,0,66,19,43
2.790,0.07,0.01,0.08,0.00,0.00,0.00,-0.01,0.02,0.00,0.00,0.00,0.00,0,66,20,41
2.801,0.10,0.03,0.02,0.00,0.00,-0.00,0.00,0.01,0.03,0.00,-0.00,0.00,0,67,20,42
2.814,0.08,0.01,0.04,-0.00,-0.00,0.00,0.01,0.01,-0.01,-0.00,-0.00,-0.00,0,66,19,41
2.827,0.07,0.03,0.08,0.00,0.00,0.00,0.00,-0.02,-0.02,0.00,0.00,0.00,0,65,20,41
2.839,0.10,0.03,0.06,0.00,0.00,0.00,0.01,-0.01,-0.02,0.00,-0.00,-0.00,0,67,19,42
2.850,0.09,0.03,0.06,0.00,-0.00,0.00,0.00,0.01,-0.01,-0.00,0.00,0.00,0,66,20,42
2.862,0.06,0.03,0.08,0.00,-0.00,0.00,0.01,-0.01,0.01,0.00,0.00,0.00,0,66,20,41
2.874,0.07,0.06,0.09,0.00,-0.00,0.00,0.01,0.00,0.00,0.00,0.00,-0.00,0,66,19,41
2.887,0.06,0.02,0.08,0.00,0.00,0.00,-0.02,0.00,0.00,-0.00,-0.00,0.00,0,67,19,41
2.897,0.04,0.02,0.06,0.00,0.00,0.00,-0.02,-0.01,0.02,-0.00,0.00,-0.00,0,65,20,41
2.909,0.02,0.05,0.12,0.00,0.00,0.00,0.00,0.00,0.02,0.00,0.00,0.00,0,64,21,40
2.920,0.03,0.02,0.08,0.00,-0.00,0.00,0.00,0.04,0.03,-0.00,-0.00,0.00,0,65,20,41
2.932,0.05,0.03,0.10,0.00,0.00,-0.00,0.00,0.00,0.00,0.00,-0.00,0.00,0,63,19,39
2.944,0.06,0.03,0.05,0.00,0.00,-0.00,0.00,-0.01,0.01,0.00,0.00,0.00,0,65,20,42
2.956,0.06,0.00,0.06,-0.00,0.00,0.00,0.00,0.02,0.01,0.00,-0.00,0.00,0,67,19,45
2.969,0.07,0.00,0.05,-0.00,0.00,0.00,0.02,0.02,-0.02,-0.00,-0.00,-0.00,0,68,20,43
2.981,0.10,0.01,0.06,0.00,-0.00,0.00,0.01,0.02,-0.04,0.00,-0.00,0.00,0,68,19,43
2.992,0.10,0.03,0.03,0.00,0.00,0.00,0.01,0.00,0.01,0.00,-0.00,0.00,0,72,20,46
3.006,0.08,0.03,0.05,0.00,0.00,0.00,0.03,0.01,0.01,-0.00,-0.00,0.00,0,70,20,45
3.018,0.07,0.03,0.08,0.00,-0.00,0.00,0.01,0.00,-0.02,-0.00,-0.00,0.00,0,69,21,44
3.030,0.06,0.04,0.07,0.00,0.00,0.00,0.00,-0.03,-0.04,0.00,0.00,0.00,0,69,20,45
3.041,0.05,0.03,0.10,0.00,0.00,0.00,-0.02,0.00,0.03,0.00,0.00,-0.00,0,71,19,45
3.054,0.07,0.03,0.06,0.00,-0.00,0.00,0.00,0.00,0.03,0.00,-0.00,0.00,0,70,20,45
3.065,0.07,0.05,0.05,-0.00,-0.00,0.00,-0.01,0.00,0.02,0.00,-0.01,0.00,0,70,19,45
3.077,0.05,0.04,0.06,0.00,0.00,0.00,0.04,-0.01,-0.01,0.00,-0.00,0.00,0,71,19,45
3.090,0.06,0.03,0.08,0.00,-0.00,0.00,0.01,0.01,-0.01,-0.00,0.00,0.00,0,73,20,47
3.102,0.08,0.03,0.08,0.00,0.00,0.00,0.00,0.05,0.01,0.00,0.00,0.00,0,71,20,47
3.114,0.12,0.02,0.04,0.00,0.00,0.00,-0.01,-0.01,0.00,0.01,-0.01,0.00,0,71,20,46
3.125,0.11,0.00,0.01,-0.00,0.00,0.00,0.03,-0.03,-0.04,0.00,-0.02,0.00,0,72,20,47
3.137,0.12,0.02,0.02,0.00,-0.00,0.00,0.07,0.01,-0.04,-0.00,-0.01,0.00,0,71,21,46
3.147,0.07,0.02,0.07,0.00,-0.00,0.00,0.06,0.02,-0.07,-0.00,0.01,0.00,0,70,20,44
3.158,0.06,0.05,0.07,0.00,-0.00,0.00,0.01,0.00,0.02,0.00,0.01,0.00,0,70,21,44
3.170,0.06,0.03,0.11,0.00,-0.00,0.00,-0.01,0.00,0.07,-0.00,0.02,0.00,0,71,20,45
3.183,0.05,0.05,0.11,0.00,0.00,0.00,-0.03,0.00,0.04,0.00,-0.00,0.00,0,69,19,43
3.194,0.06,0.03,0.10,-0.00,0.00,0.00,0.02,0.00,0.03,0.00,-0.02,-0.00,0,67,19,43
3.205,0.06,0.04,0.04,-0.00,0.00,-0.00,0.05,0.01,-0.01,0.00,-0.02,0.00,0,67,19,43
3.217,0.09,0.02,0.05,-0.00,0.00,0.00,0.04,0.02,-0.05,-0.00,-0.01,0.00,0,67,19,44
3.228,0.07,0.04,0.05,-0.00,0.00,-0.00,0.03,-0.02,0.00,0.00,0.01,0.00,0,65,20,41
3.240,0.10,0.04,0.07,0.00,-0.00,0.00,0.00,0.00,0.02,-0.00,0.02,-0.00,0,67,19,42
3.252,0.08,0.00,0.07,-0.00,-0.00,-0.00,-0.01,0.03,0.05,0.00,0.00,0.00,0,66,20,42
3.265,0.08,0.03,0.06,-0.00,-0.00,-0.00,-0.01,0.00,0.00,0.00,-0.01,0.00,0,67,20,43
3.275,0.06,0.03,0.06,0.00,-0.00,0.00,0.03,0.01,-0.03,0.00,-0.01,0.00,0,68,19,45
3.285,0.08,0.03,0.08,0.00,-0.00,0.00,0.05,0.01,-0.03,-0.00,-0.01,-0.00,0,70,19,45
3.295,0.06,0.03,0.03,-0.00,-0.00,-0.00,0.04,0.00,-0.02,-0.00,0.00,0.00,0,69,20,45
3.306,0.00,0.07,0.09,0.00,-0.00,0.00,0.00,-0.05,0.03,0.00,0.01,0.00,0,70,20,44
3.316,0.00,0.05,0.12,0.00,-0.01,0.00,-0.02,-0.02,0.09,0.00,0.02,-0.00,0,68,19,43
3.326,0.02,0.04,0.13,0.00,-0.00,-0.00,-0.04,0.04,0.11,-0.01,0.02,0.00,0,71,19,46
3.336,0.06,0.01,0.09,-0.01,0.00,-0.00,-0.08,0.07,0.06,-0.00,0.00,0.00,0,72,19,46
3.346,0.19,0.00,-0.01,-0.01,0.01,-0.00,0.01,0.00,-0.05,0.00,-0.03,0.00,0,73,20,49
3.356,0.17,0.00,0.00,-0.01,0.00,0.00,0.08,-0.03,-0.13,0.01,-0.04,0.00,0,73,19,48
3.366,0.15,-0.02,0.03,0.01,-0.01,0.00,0.16,-0.07,-0.18,0.00,-0.03,-0.00,0,70,20,47
3.376,0.06,0.00,0.07,0.01,-0.01,0.00,0.12,0.02,-0.06,-0.00,0.01,0.00,0,71,20,46
3.386,0.01,0.03,0.07,0.01,-0.01,0.00,0.01,0.05,0.03,-0.01,0.04,0.00,0,72,19,46
3.396,-0.01,0.04,0.09,0.00,-0.00,0.00,-0.11,0.03,0.13,-0.01,0.05,0.00,0,71,20,45
3.406,-0.03,0.06,0.09,0.00,0.00,0.00,-0.20,0.03,0.19,0.00,0.03,0.00,0,71,19,46
3.416,0.03,0.03,0.07,-0.00,0.00,0.00,-0.08,0.01,0.13,0.00,-0.02,0.00,0,70,20,46
3.426,0.06,0.03,0.08,-0.00,0.00,-0.00,0.00,0.01,0.01,0.00,-0.04,-0.00,0,71,20,46
3.436,0.09,0.05,0.12,-0.00,-0.00,0.00,0.08,-0.02,-0.12,0.00,-0.04,-0.00,0,72,20,47
3.446,0.09,0.03,0.06,-0.00,0.00,0.00,0.10,-0.07,-0.14,0.01,-0.03,0.00,0,71,19,46
3.456,0.08,0.00,0.05,0.00,0.00,-0.00,0.07,0.00,-0.02,0.00,0.01,0.00,0,72,20,45
3.466,0.07,0.03,0.05,-0.00,0.00,0.00,0.00,0.04,0.03,-0.01,0.03,0.00,0,69,20,44
3.477,0.09,0.03,0.05,-0.00,0.00,0.00,-0.07,0.05,0.04,-0.00,0.03,0.00,0,70,20,45
3.486,0.09,0.03,0.09,0.00,-0.00,0.00,-0.11,0.03,0.09,0.00,0.00,0.00,0,70,19,45
3.496,0.07,0.02,0.06,0.00,-0.00,-0.00,0.00,-0.02,-0.01,0.00,-0.02,-0.00,0,70,19,45
3.506,0.09,0.01,0.05,0.00,-0.01,0.00,0.05,0.00,-0.07,0.00,-0.03,-0.00,0,71,20,45
3.517,0.09,0.03,0.04,0.00,-0.00,-0.00,0.11,0.00,-0.10,0.00,-0.02,-0.00,0,69,19,45
3.526,0.08,0.00,0.06,-0.00,-0.00,0.00,0.11,0.03,-0.08,0.00,-0.00,0.00,0,69,19,44
3.536,0.10,0.01,0.04,-0.01,-0.00,0.00,0.00,0.02,-0.03,-0.00,0.02,0.00,0,70,20,45
3.546,0.07,0.01,0.03,0.00,-0.01,0.00,-0.06,0.00,0.03,-0.00,0.02,0.00,0,70,20,45
3.557,0.08,0.03,0.09,0.00,-0.00,0.00,-0.06,-0.02,0.08,0.00,0.01,-0.00,0,70,19,45
3.567,0.01,0.03,0.09,0.00,-0.01,0.00,-0.01,0.03,0.07,-0.00,-0.01,-0.00,0,70,20,46
3.576,0.05,0.04,0.11,0.01,-0.00,0.00,0.02,0.04,0.00,-0.01,-0.01,-0.00,0,70,19,47
3.586,0.03,0.03,0.09,0.00,0.00,-0.00,0.01,0.01,0.00,0.00,-0.01,0.00,0,72,19,47
3.596,0.05,0.05,0.06,0.00,0.01,0.00,0.00,-0.02,0.04,0.01,-0.00,0.00,0,70,20,47
3.607,0.09,0.03,0.06,-0.00,0.01,-0.00,0.00,0.01,0.01,0.00,-0.00,0.00,0,70,19,47
3.616,0.09,0.02,0.01,-0.01,0.01,-0.00,0.00,0.00,-0.03,-0.00,-0.01,-0.00,0,70,19,47
3.626,0.11,0.02,0.04,-0.00,-0.00,-0.00,0.05,0.02,-0.03,0.00,-0.01,0.00,0,71,19,47
3.636,0.07,0.01,0.08,0.00,-0.01,0.00,0.03,0.00,-0.01,0.00,0.00,0.00,0,72,19,47
3.647,0.05,0.01,0.05,0.00,-0.01,0.00,0.00,0.01,0.02,-0.00,0.00,0.00,0,72,20,47
3.657,0.07,0.03,0.06,0.01,-0.00,-0.00,0.00,0.03,0.04,-0.00,0.00,-0.00,0,69,20,45
3.666,0.05,0.02,0.10,-0.00,-0.00,0.00,0.00,0.02,0.05,0.00,0.00,0.00,0,70,20,46
3.676,0.06,0.05,0.09,0.00,-0.00,-0.00,-0.01,0.00,0.05,0.00,0.00,0.00,0,71,21,46
3.687,0.06,0.03,0.07,0.00,0.00,0.00,-0.01,-0.01,0.01,-0.00,-0.00,0.00,0,71,20,45
3.697,0.07,0.03,0.07,-0.00,0.00,0.00,-0.02,0.00,0.00,0.00,-0.00,-0.00,0,69,20,43
3.707,0.06,0.02,0.06,-0.01,0.00,0.00,0.00,-0.02,0.02,-0.00,-0.01,0.00,0,70,20,46
3.717,0.12,0.00,0.05,-0.00,0.00,-0.00,0.03,0.04,0.01,-0.00,-0.01,-0.00,0,71,20,47
3.727,0.11,0.01,0.06,-0.00,0.00,0.00,0.02,0.00,-0.04,0.00,-0.01,0.00,0,70,19,46
3.737,0.11,0.01,0.04,0.00,0.00,0.00,-0.01,-0.02,-0.04,0.00,-0.00,0.00,0,72,20,46
3.747,0.10,0.02,0.02,0.00,-0.01,0.00,0.01,-0.04,-0.01,0.00,-0.00,0.00,0,70,20,46
3.757,0.11,0.01,0.05,0.00,0.00,0.00,0.02,0.04,-0.03,-0.00,-0.00,-0.00,0,70,19,45
3.767,0.09,0.03,0.05,0.00,-0.01,-0.00,0.00,0.02,-0.05,-0.00,0.00,0.00,0,69,19,45
3.778,0.07,0.05,0.05,0.00,-0.00,0.00,0.01,0.00,-0.01,0.00,0.00,0.00,0,71,19,46
3.788,0.02,0.03,0.09,0.01,-0.01,0.00,-0.01,0.02,0.02,0.00,0.00,0.00,0,72,19,47
3.798,0.04,0.05,0.03,0.00,-0.01,0.00,-0.01,0.03,0.07,-0.00,0.01,-0.00,0,72,20,48
3.808,0.02,0.03,0.10,0.00,-0.01,0.00,-0.06,0.03,0.08,-0.00,0.00,0.00,0,73,19,47
3.818,0.04,0.04,0.09,-0.00,0.00,-0.00,-0.02,0.00,0.07,0.00,0.00,0.00,0,71,19,46
3.828,0.06,0.03,0.08,0.00,0.00,0.00,-0.01,0.02,0.01,0.00,-0.01,-0.00,0,72,19,47
3.839,0.09,0.02,0.07,-0.00,0.00,0.00,0.01,0.02,0.00,0.00,-0.01,0.00,0,72,20,47
3.850,0.08,0.00,0.06,-0.01,0.01,-0.00,0.04,0.00,-0.04,0.00,-0.01,0.00,0,72,19,47
3.865,0.09,0.03,0.05,-0.01,0.01,0.00,0.05,-0.01,-0.04,0.00,-0.00,0.00,0,71,20,47
3.877,0.08,0.03,0.07,-0.00,-0.00,0.00,0.02,-0.02,-0.02,0.00,0.01,0.00,0,71,19,47
3.887,0.08,0.03,0.07,0.00,-0.00,0.00,-0.01,-0.01,0.00,-0.00,0.01,0.00,0,70,19,45
3.899,0.07,0.02,0.05,0.00,-0.00,-0.00,-0.01,0.02,0.03,-0.00,0.01,-0.00,0,71,20,46
3.910,0.06,0.03,0.08,0.00,-0.00,-0.00,0.00,0.02,0.00,0.00,-0.00,0.00,0,72,19,47
3.919,0.07,0.01,0.09,0.00,-0.01,0.00,0.03,0.00,-0.02,0.00,-0.01,0.00,0,73,19,49
3.931,0.06,0.04,0.09,0.00,-0.00,0.00,0.03,0.00,-0.01,0.00,-0.01,-0.00,0,73,20,48
3.946,0.05,0.04,0.08,0.00,-0.00,-0.00,0.00,-0.02,0.00,0.00,0.00,0.00,0,72,20,46
3.957,0.04,0.03,0.06,-0.00,0.00,0.00,0.00,0.01,0.04,0.00,0.00,0.00,0,69,19,44
3.968,0.04,0.02,0.07,-0.01,0.00,-0.00,-0.02,0.03,0.05,0.00,0.00,0.00,0,71,20,46
3.979,0.09,-0.01,0.06,-0.00,0.00,-0.00,-0.01,0.00,-0.01,0.00,-0.01,0.00,0,70,20,47
3.990,0.08,0.01,0.07,-0.00,0.00,-0.00,0.04,-0.01,-0.02,0.00,-0.01,0.00,0,71,19,48
4.002,0.10,0.02,0.06,0.00,0.00,-0.00,0.05,0.00,-0.03,0.00,-0.01,-0.00,0,71,20,48
4.016,0.11,0.01,0.08,0.00,-0.00,-0.00,0.05,0.00,-0.04,-0.00,-0.00,0.00,0,71,19,48
4.028,0.11,0.01,0.07,0.00,-0.01,0.00,0.02,0.01,-0.03,0.00,0.00,0.00,0,70,19,46
4.039,0.10,0.01,0.03,0.00,-0.01,0.00,0.00,0.00,-0.02,0.00,0.00,0.00,0,70,20,48
4.050,0.06,0.00,0.03,0.00,-0.00,-0.00,0.00,0.00,0.02,0.00,-0.00,0.00,0,70,20,47
4.062,0.03,0.01,0.08,0.00,-0.00,0.00,0.00,0.00,0.01,-0.00,-0.00,0.00,0,67,20,45
4.075,0.06,0.04,0.12,0.00,-0.00,0.00,0.01,0.04,0.01,0.00,-0.00,-0.00,0,69,20,48
4.087,0.06,0.00,0.09,-0.00,0.00,0.00,0.01,0.01,0.01,0.00,0.00,0.00,0,70,20,46
4.099,0.05,0.02,0.07,-0.00,0.00,0.00,0.00,0.00,0.01,0.00,0.00,0.00,0,70,20,47
4.111,0.06,0.03,0.08,-0.01,0.00,0.00,0.00,0.00,0.01,0.00,0.00,0.00,0,71,20,48
4.120,0.09,0.04,0.09,-0.00,0.00,0.00,-0.01,-0.01,0.02,0.00,-0.00,0.00,0,72,20,49
4.132,0.11,0.04,0.09,-0.00,0.00,-0.00,0.00,-0.01,0.00,0.00,-0.00,-0.00,0,74,20,50
4.145,0.12,0.03,0.06,-0.00,0.00,0.00,0.00,0.00,0.00,0.00,-0.00,-0.00,0,75,19,52
4.156,0.09,0.03,0.06,0.00,-0.00,-0.00,0.01,0.00,-0.01,0.00,-0.00,0.00,0,74,20,50
4.168,0.07,0.03,0.08,0.00,-0.00,0.00,0.01,0.00,0.04,0.00,-0.00,0.00,0,74,20,51
4.179,0.07,0.03,0.05,0.00,-0.01,0.00,0.01,-0.01,0.00,0.00,0.00,0.00,0,74,20,50
4.190,0.07,0.01,0.06,0.00,-0.00,0.00,-0.01,0.01,0.00,-0.00,0.00,-0.00,0,73,20,49
4.203,0.08,0.01,0.04,0.00,-0.00,0.00,-0.01,0.02,0.04,-0.00,0.00,0.00,0,74,20,51
4.216,0.08,0.03,0.05,0.00,0.00,0.00,0.02,0.00,0.03,0.00,-0.01,-0.00,0,73,20,49
4.228,0.05,0.01,0.06,-0.00,-0.00,-0.00,0.03,0.00,-0.03,-0.00,-0.01,-0.00,0,74,20,49
4.240,0.06,0.01,0.10,0.00,0.00,0.00,0.00,0.02,-0.02,0.00,0.00,0.00,0,72,20,47
4.252,0.06,0.01,0.05,0.00,0.00,0.00,-0.03,0.01,0.06,0.00,0.01,0.00,0,72,20,47
4.265,0.08,0.02,0.07,-0.00,0.00,-0.00,0.00,0.03,0.01,-0.00,0.01,0.00,0,69,21,44
4.276,0.10,0.00,0.03,-0.00,0.01,-0.00,0.02,0.00,-0.02,0.00,-0.01,-0.00,0,70,20,45
4.289,0.13,0.01,0.04,-0.00,0.00,0.00,0.04,0.00,-0.04,-0.00,-0.02,0.00,0,71,19,46
4.301,0.08,0.01,0.04,0.00,-0.00,0.00,0.07,-0.02,-0.04,-0.00,-0.01,-0.00,0,68,20,44
4.312,0.09,0.02,0.05,0.00,-0.00,0.00,0.00,-0.01,0.00,-0.00,0.00,0.00,0,68,20,45
4.325,0.03,0.01,0.08,0.00,-0.01,-0.00,-0.05,0.00,0.03,-0.00,0.02,0.00,0,70,20,46
4.336,0.04,0.02,0.12,-0.00,-0.00,0.00,-0.03,0.02,0.09,0.00,0.02,-0.00,0,71,20,45
4.348,0.02,0.02,0.05,-0.00,0.00,0.00,-0.04,0.04,0.06,-0.00,-0.00,0.00,0,71,21,46
4.360,0.03,0.02,0.08,-0.00,0.00,0.00,-0.04,0.01,0.03,0.00,-0.01,0.00,0,70,20,46
4.371,0.06,0.03,0.08,-0.00,0.00,-0.00,0.00,0.00,0.00,0.00,-0.01,0.00,0,69,20,44
4.383,0.07,0.03,0.07,-0.00,0.00,0.00,0.00,0.00,-0.03,-0.00,0.00,0.00,0,72,20,46
4.394,0.10,0.05,0.08,0.00,0.00,-0.00,0.00,-0.01,0.00,0.00,0.00,0.00,0,73,20,47
4.405,0.10,0.03,0.03,0.00,-0.00,-0.00,0.00,-0.03,0.04,0.00,0.00,0.00,0,73,20,48
4.417,0.11,0.01,0.07,0.00,-0.00,-0.00,-0.02,0.00,0.01,-0.00,-0.00,0.00,0,73,19,48
4.429,0.04,0.02,0.08,0.00,-0.00,-0.00,0.00,-0.01,-0.01,0.00,-0.01,0.00,0,73,20,48
4.441,0.08,0.05,0.09,0.00,-0.00,0.00,0.00,-0.01,-0.03,0.00,-0.01,0.00,0,74,20,48
4.454,0.13,0.01,0.05,0.00,-0.00,0.00,0.01,0.03,-0.03,-0.00,0.00,0.00,0,75,19,48
4.465,0.07,0.01,0.05,0.00,-0.00,0.00,0.00,0.03,0.00,-0.00,0.00,-0.00,0,73,19,48
4.475,0.08,0.01,0.06,0.00,-0.00,0.00,0.01,0.00,0.00,0.00,0.01,0.00,0,72,20,47
4.485,0.05,0.02,0.09,0.00,-0.00,0.00,-0.01,0.00,0.04,0.00,0.01,0.00,0,72,20,46
4.497,0.07,0.05,0.08,0.00,-0.00,-0.00,-0.02,0.04,0.06,-0.00,0.00,-0.00,0,72,20,46
4.507,0.05,0.01,0.09,-0.00,0.00,0.00,-0.03,0.01,0.02,0.00,-0.00,0.00,0,69,20,43
4.518,0.06,0.03,0.06,-0.00,0.01,0.00,-0.01,0.00,0.03,0.00,-0.01,0.00,0,70,19,45
4.531,0.07,0.04,0.06,-0.00,0.00,0.00,0.04,-0.01,-0.02,0.00,-0.01,0.00,0,69,19,45
4.544,0.09,0.03,0.03,-0.00,0.00,-0.00,0.01,0.00,-0.02,0.00,0.00,0.00,0,67,20,44
4.555,0.11,0.03,0.03,0.00,-0.00,-0.00,-0.01,-0.01,-0.01,0.00,0.00,0.00,0,66,20,42
4.565,0.10,0.02,0.04,0.00,0.00,0.00,0.02,-0.01,0.04,0.00,0.00,-0.00,0,67,19,42
4.575,0.07,0.01,0.05,-0.00,-0.00,0.00,0.00,0.00,0.00,-0.00,0.00,0.00,0,67,19,42
4.586,0.07,0.03,0.06,0.00,-0.00,0.00,-0.02,0.01,-0.04,-0.00,-0.00,0.00,0,67,19,42
4.596,0.05,0.04,0.04,0.00,-0.00,0.00,-0.02,0.00,0.00,0.00,-0.01,0.00,0,69,20,43
4.605,0.06,0.03,0.09,0.00,-0.00,0.00,0.03,0.00,0.03,-0.00,-0.00,0.00,0,70,19,46
4.615,0.04,0.03,0.08,0.00,0.00,-0.00,0.01,0.01,0.00,-0.00,0.00,0.00,0,71,21,46
4.626,0.03,0.03,0.05,-0.00,0.00,-0.00,-0.01,-0.02,0.02,0.00,-0.00,0.00,0,71,21,45
4.636,0.06,0.02,0.08,-0.00,0.00,0.00,0.00,0.00,0.04,0.00,-0.00,0.00,0,72,21,47
4.646,0.05,0.00,0.02,-0.00,0.00,0.00,-0.01,0.03,0.00,-0.00,0.00,0.00,0,71,20,45
4.655,0.09,0.02,0.05,0.00,-0.00,-0.00,0.00,0.02,-0.01,-0.00,-0.01,0.00,0,69,20,43
4.666,0.08,0.03,0.05,0.00,0.00,-0.00,0.01,0.01,0.01,0.01,-0.01,0.00,0,71,21,46
4.676,0.07,0.03,0.06,0.00,-0.00,0.00,0.02,0.00,0.00,0.00,-0.00,-0.00,0,73,20,46
4.686,0.05,0.02,0.09,0.01,-0.00,0.00,0.02,0.00,-0.01,-0.00,0.00,0.00,0,70,20,45
4.695,0.06,0.02,0.08,0.00,-0.01,-0.00,0.00,0.00,0.04,0.00,0.01,0.00,0,70,20,46
4.705,0.06,0.04,0.08,0.00,-0.00,-0.00,-0.04,0.00,0.04,0.00,0.01,0.00,0,72,20,46
4.716,0.05,0.03,0.09,0.00,0.00,-0.00,-0.03,0.00,0.06,-0.00,-0.00,0.00,0,72,20,47
4.726,0.05,0.02,0.09,0.00,0.00,-0.00,0.00,0.00,0.00,0.00,-0.01,0.00,0,72,19,46
4.735,0.06,0.03,0.08,-0.00,-0.00,0.00,0.00,-0.03,0.01,0.00,-0.01,0.00,0,73,20,47
4.745,0.08,0.04,0.06,0.00,-0.00,-0.00,0.03,-0.02,-0.01,0.00,-0.01,-0.00,0,73,19,47
4.756,0.06,0.05,0.06,-0.00,0.00,-0.00,0.01,0.01,0.00,-0.00,0.00,0.00,0,73,20,47
4.766,0.08,0.05,0.10,-0.00,0.00,-0.00,0.00,0.00,0.01,0.00,0.01,0.00,0,72,20,47
4.775,0.06,0.03,0.11,-0.00,0.00,0.00,-0.03,0.00,0.00,0.00,0.01,0.00,0,70,20,47
4.785,0.10,0.03,0.06,-0.00,0.01,-0.00,-0.03,0.00,0.00,0.00,-0.00,0.00,0,70,20,44
4.796,0.08,0.01,0.02,-0.00,0.00,-0.00,0.02,0.02,0.00,0.00,-0.01,0.00,0,70,20,44
4.806,0.11,0.01,0.03,-0.00,0.00,-0.00,0.03,0.03,-0.01,-0.00,-0.01,-0.00,0,72,19,46
4.816,0.12,0.00,0.06,0.00,0.00,-0.00,0.04,0.01,-0.05,0.00,-0.01,0.00,0,71,19,46
4.826,0.11,-0.02,0.03,0.00,-0.00,-0.00,0.05,0.02,-0.06,0.00,-0.01,0.00,0,72,19,46
4.835,0.10,0.00,0.06,0.00,-0.01,-0.00,0.04,0.01,-0.03,0.00,0.00,0.00,0,70,19,45
4.846,0.08,0.02,0.05,0.00,-0.01,-0.00,0.02,0.02,0.02,0.00,0.01,0.00,0,71,19,44
4.856,0.09,0.03,0.04,0.00,-0.01,0.00,-0.02,0.01,0.04,-0.00,0.01,0.00,0,69,19,45
4.866,0.05,0.03,0.09,0.00,-0.01,0.00,-0.02,0.00,0.06,0.00,0.01,-0.00,0,70,19,46
4.876,0.05,0.03,0.09,0.00,-0.00,0.00,0.00,-0.02,0.06,-0.00,-0.00,-0.00,0,69,21,44
4.886,0.06,0.05,0.09,0.00,-0.00,-0.00,0.00,-0.01,0.00,0.00,-0.01,0.00,0,68,19,43
4.896,0.04,0.05,0.07,-0.00,0.00,-0.00,-0.01,-0.04,0.01,0.00,-0.00,0.00,0,68,20,42
4.906,0.06,0.03,0.07,-0.00,0.01,-0.00,0.01,-0.01,-0.01,-0.00,-0.00,-0.00,0,67,19,44
4.916,0.10,0.03,0.08,-0.00,0.00,-0.00,0.00,0.00,0.01,-0.00,0.00,0.00,0,67,20,43
4.927,0.06,0.02,0.06,-0.00,0.00,0.00,-0.03,0.00,0.01,-0.00,0.00,0.00,0,68,20,44
4.937,0.09,0.02,0.08,-0.00,0.00,0.00,-0.01,0.00,-0.02,0.00,-0.00,-0.00,0,68,19,44
4.947,0.09,0.02,0.02,0.00,0.00,0.00,0.02,0.01,-0.01,0.00,-0.01,-0.00,0,70,19,45
4.957,0.09,0.02,0.04,0.00,0.00,0.00,0.05,0.00,-0.02,-0.00,-0.00,0.00,0,69,20,45
4.967,0.06,0.02,0.07,0.00,-0.00,-0.00,0.00,0.00,0.01,0.00,0.00,0.00,0,68,20,45
4.977,0.06,0.02,0.09,0.00,-0.00,-0.00,0.01,0.00,0.00,-0.00,0.00,0.00,0,71,20,46
4.987,0.07,0.01,0.08,0.00,-0.00,-0.00,0.00,0.01,0.02,-0.00,0.00,0.00,0,71,19,46
4.997,0.06,0.01,0.07,0.00,-0.00,0.00,-0.02,0.03,0.04,-0.00,0.00,0.00,0,70,20,46
5.008,0.06,0.03,0.08,0.00,0.00,-0.00,-0.03,0.03,0.04,0.00,-0.00,0.00,0,69,19,45
5.018,0.06,0.03,0.07,0.00,-0.00,0.00,-0.01,0.00,0.01,0.00,-0.01,0.00,0,71,19,47
5.027,0.06,0.02,0.09,0.00,-0.00,-0.00,0.02,0.00,-0.01,0.00,-0.01,0.00,0,71,19,47
5.037,0.09,0.02,0.09,0.00,0.00,-0.00,0.05,0.00,-0.01,0.00,-0.01,-0.00,0,72,19,48
5.047,0.07,0.04,0.04,-0.00,0.00,0.00,0.03,0.00,0.00,-0.00,0.00,0.00,0,73,20,47
5.058,0.08,0.02,0.03,-0.00,0.00,-0.00,0.00,-0.01,0.03,0.00,0.01,0.00,0,72,20,46
5.068,0.07,0.02,0.06,0.00,0.00,0.00,-0.01,-0.01,0.02,0.00,0.01,0.00,0,73,20,48
5.078,0.09,0.02,0.08,0.00,0.00,0.00,-0.04,0.00,0.03,-0.00,0.00,0.00,0,72,20,47
5.088,0.09,0.02,0.09,0.00,-0.00,0.00,0.01,0.00,0.02,0.00,-0.00,0.00,0,73,20,48
5.099,0.08,0.02,0.05,0.00,0.00,-0.00,0.00,0.01,0.02,0.00,-0.00,0.00,0,73,20,47
5.110,0.08,0.02,0.09,0.00,-0.00,-0.00,0.01,0.00,0.00,0.00,-0.00,0.00,0,72,20,49
5.120,0.06,0.02,0.07,0.00,-0.00,0.00,0.01,0.00,-0.01,0.00,-0.00,0.00,0,74,20,49
5.135,0.05,0.04,0.08,0.00,-0.00,0.00,0.00,0.00,0.03,-0.00,0.00,-0.00,0,74,20,49
5.147,0.05,0.00,0.08,0.00,0.00,-0.00,-0.03,0.02,0.02,0.00,0.01,0.00,0,74,19,49
5.158,0.06,0.01,0.05,0.00,0.00,0.00,0.00,0.01,0.03,0.00,-0.00,0.00,0,72,20,47
5.168,0.10,0.03,0.07,-0.00,0.00,0.00,0.00,0.00,0.02,0.00,-0.01,0.00,0,70,20,46
5.180,0.07,0.03,0.06,-0.00,0.00,-0.00,0.04,-0.03,-0.01,0.00,-0.01,-0.00,0,71,21,46
5.192,0.06,0.04,0.08,-0.00,0.00,-0.00,0.01,0.01,-0.04,-0.00,-0.00,0.00,0,72,20,46
5.206,0.07,0.01,0.05,0.00,-0.00,0.00,0.03,-0.01,-0.02,0.00,0.01,0.00,0,70,20,45
5.217,0.10,0.02,0.09,0.00,0.00,0.00,0.00,0.01,0.01,0.00,0.01,0.00,0,73,20,47
5.228,0.08,0.05,0.05,-0.00,0.00,-0.00,-0.03,0.00,0.02,0.00,-0.01,0.00,0,71,21,46
5.239,0.06,0.03,0.09,-0.00,-0.00,0.00,0.02,0.00,0.00,0.00,-0.01,0.00,0,72,19,47
5.251,0.08,0.01,0.06,0.00,-0.00,0.00,0.03,0.00,0.00,0.00,-0.01,0.00,0,72,20,46
5.264,0.06,0.03,0.09,0.00,-0.00,-0.00,0.00,0.00,-0.01,0.00,0.00,0.00,0,71,20,45
5.277,0.07,0.02,0.07,-0.00,0.00,0.00,-0.02,0.00,0.03,-0.00,0.00,0.00,0,72,20,47
5.288,0.06,0.00,0.07,-0.00,0.00,-0.00,-0.02,0.00,0.02,-0.00,0.01,0.00,0,72,19,48
5.299,0.07,0.02,0.05,0.00,0.00,-0.00,0.00,0.03,0.00,-0.00,-0.01,0.00,0,73,19,49
5.312,0.07,0.01,0.05,0.00,0.00,0.00,0.00,0.00,-0.02,0.00,-0.01,0.00,0,74,20,51
5.323,0.10,0.02,0.08,-0.00,0.00,0.00,0.02,0.01,-0.01,0.00,-0.01,0.00,0,74,19,50
5.336,0.08,0.02,0.08,0.00,-0.00,0.00,0.02,0.01,0.03,0.00,-0.00,-0.00,0,73,20,49
5.349,0.06,0.01,0.04,0.00,-0.00,-0.00,0.01,0.02,-0.01,-0.00,0.00,-0.00,0,71,20,48
5.360,0.08,0.03,0.08,0.00,0.00,0.00,-0.02,0.00,0.00,0.00,0.00,0.00,0,70,19,47
5.370,0.06,0.03,0.06,0.00,0.00,-0.00,-0.01,0.01,-0.01,0.00,-0.00,-0.00,0,69,20,47
5.382,0.08,0.03,0.05,0.00,-0.00,0.00,0.02,0.00,0.00,0.00,-0.01,0.00,0,71,19,47
5.396,0.06,0.05,0.09,0.00,-0.00,-0.00,0.02,0.00,0.00,0.00,-0.01,0.00,0,70,20,46
5.407,0.06,0.02,0.06,-0.00,0.00,0.00,0.00,0.02,0.02,0.00,-0.00,0.00,0,72,20,48
5.419,0.07,0.03,0.08,-0.00,0.00,0.00,0.00,0.01,-0.01,-0.00,0.00,0.00,0,70,20,47
5.430,0.06,0.03,0.08,0.00,-0.00,0.00,-0.02,0.00,0.05,0.00,0.00,0.00,0,71,19,49
5.443,0.07,0.02,0.08,0.00,0.00,0.00,0.01,0.00,0.00,0.00,-0.00,-0.00,0,72,20,49
5.455,0.07,0.01,0.09,0.00,-0.00,0.00,0.00,0.03,0.00,0.00,-0.00,0.00,0,73,20,47
5.465,0.06,0.01,0.04,0.00,0.00,-0.00,0.01,0.03,0.00,0.00,-0.00,0.00,0,71,20,47
5.478,0.07,0.03,0.08,0.00,-0.00,0.00,0.00,0.00,0.00,0.00,-0.00,0.00,0,71,19,48
5.489,0.07,0.01,0.08,0.00,-0.00,-0.00,0.02,0.01,0.03,0.00,-0.00,0.00,0,71,19,47
5.501,0.06,0.03,0.04,0.00,-0.00,0.00,-0.01,0.01,0.00,-0.00,-0.00,0.00,0,71,19,46
5.513,0.09,0.02,0.05,0.00,-0.00,-0.00,-0.01,0.00,0.00,0.00,-0.00,0.00,0,70,20,45
5.526,0.07,0.02,0.10,0.00,-0.00,0.00,0.01,-0.01,0.03,0.00,-0.00,0.00,0,70,21,46
5.538,0.07,0.02,0.07,-0.00,-0.00,0.00,0.00,0.01,0.00,0.00,-0.00,0.00,0,71,20,45
5.550,0.08,0.03,0.02,0.00,-0.00,-0.00,0.01,0.03,0.00,-0.00,0.00,-0.00,0,71,20,45
5.562,0.06,0.01,0.06,-0.00,0.00,0.00,0.00,0.00,0.01,0.00,0.00,0.00,0,69,19,44
5.574,0.08,0.00,0.07,-0.00,0.00,0.00,0.01,0.01,0.00,0.00,-0.00,0.00,0,70,19,44
5.584,0.07,0.03,0.05,-0.00,0.00,-0.00,0.00,0.01,-0.01,-0.00,-0.00,0.00,0,69,20,44
5.596,0.07,0.01,0.05,0.00,0.00,-0.00,0.02,0.01,0.00,0.00,0.00,0.00,0,70,20,44
5.608,0.08,0.02,0.05,-0.00,0.00,0.00,0.01,0.01,0.01,0.00,-0.00,-0.00,0,71,19,46
5.619,0.08,0.00,0.08,0.00,-0.00,0.00,0.00,-0.01,-0.01,-0.00,0.00,0.00,0,69,20,44
5.631,0.06,0.02,0.04,0.00,-0.00,0.00,-0.02,0.00,0.01,0.00,0.00,0.00,0,71,19,46
5.643,0.05,0.00,0.07,0.00,-0.00,0.00,0.00,0.02,0.01,-0.01,-0.00,0.00,0,70,19,45
5.655,0.08,0.03,0.07,0.00,0.00,0.00,-0.01,0.01,-0.01,0.00,-0.00,-0.00,0,70,19,45
5.665,0.07,0.03,0.08,-0.00,0.00,0.00,0.00,-0.02,0.00,0.00,-0.01,0.00,0,69,19,44
5.676,0.09,0.01,0.09,0.00,0.00,-0.00,0.01,0.00,0.00,0.00,-0.00,0.00,0,70,20,45
5.686,0.10,0.00,0.08,0.00,0.00,0.00,0.03,0.00,0.00,-0.00,0.00,-0.00,0,69,19,46
5.699,0.08,0.03,0.07,-0.00,0.00,0.00,0.01,0.00,-0.01,0.00,-0.00,0.00,0,70,20,45
5.712,0.10,0.00,0.06,-0.00,0.00,0.00,0.00,0.01,-0.01,-0.00,-0.00,0.00,0,70,20,45
5.723,0.05,0.03,0.05,0.00,0.00,0.00,0.02,0.02,0.00,-0.00,-0.01,-0.00,0,71,19,45
5.735,0.08,0.00,0.07,0.00,-0.00,0.00,0.01,0.03,-0.01,0.00,0.00,-0.00,0,69,20,45
5.745,0.08,0.02,0.08,0.00,-0.00,0.00,0.01,0.00,-0.01,-0.00,0.00,-0.00,0,68,20,44
5.755,0.02,0.03,0.06,0.00,-0.01,0.00,0.00,0.00,0.03,0.00,0.00,0.00,0,71,19,45
5.765,0.03,0.03,0.12,0.00,-0.00,-0.00,-0.01,0.02,0.07,-0.00,0.00,-0.00,0,71,20,47
5.776,0.01,0.03,0.10,0.00,-0.00,0.00,-0.01,0.03,0.09,-0.00,0.01,0.00,0,69,19,46
5.786,0.06,0.01,0.07,0.00,0.00,-0.00,-0.07,0.03,0.06,0.00,0.01,0.00,0,70,20,45
5.796,0.09,0.02,0.06,-0.00,0.00,-0.00,-0.03,-0.01,0.01,0.00,-0.01,0.00,0,70,20,44
5.807,0.13,0.01,0.04,-0.00,0.01,0.00,-0.01,-0.01,0.00,0.00,-0.02,0.00,0,69,20,45
5.818,0.11,0.00,0.04,-0.00,0.00,0.00,0.06,-0.01,0.00,0.00,-0.02,-0.00,0,68,20,44
5.829,0.11,0.00,0.07,0.00,-0.00,0.00,0.08,-0.02,-0.04,-0.00,-0.01,0.00,0,68,19,44
5.842,0.12,0.00,0.03,-0.00,0.00,-0.00,0.06,0.00,-0.06,0.00,0.01,0.00,0,69,21,45
5.854,0.10,0.03,0.05,-0.00,-0.00,0.00,-0.03,-0.01,0.04,-0.00,0.02,-0.00,0,67,19,43
5.865,0.07,0.04,0.06,0.00,-0.00,0.00,-0.07,0.00,0.10,0.00,0.01,-0.00,0,66,20,42
5.875,0.05,0.03,0.12,0.00,-0.00,0.00,-0.05,0.00,0.08,0.00,-0.00,-0.00,0,67,19,42
5.885,0.03,0.04,0.09,0.00,-0.00,0.00,0.00,0.00,0.02,0.00,-0.01,-0.00,0,68,20,43
5.895,0.05,0.03,0.06,0.00,-0.00,-0.00,0.02,0.00,0.02,0.00,-0.01,0.00,0,69,20,45
5.906,0.06,0.01,0.09,0.00,0.00,-0.00,0.00,0.01,-0.01,-0.00,-0.00,0.00,0,70,19,45
5.915,0.06,0.00,0.06,0.00,0.00,0.00,-0.02,0.01,0.00,0.00,0.01,0.00,0,73,20,48
5.925,0.06,0.02,0.07,-0.00,0.00,-0.00,-0.01,0.02,0.05,0.00,0.00,0.00,0,72,19,47
5.935,0.10,0.03,0.03,-0.00,0.00,0.00,-0.01,0.01,0.07,0.00,-0.00,-0.00,0,74,19,48
5.946,0.09,0.01,0.02,-0.00,0.00,0.00,0.00,0.01,-0.05,0.00,-0.01,0.00,0,73,19,48
5.956,0.09,0.03,0.05,0.00,-0.00,0.00,0.02,0.00,-0.02,0.00,-0.01,0.00,0,72,19,48
5.965,0.08,-0.02,0.09,0.00,-0.00,-0.00,0.04,0.00,-0.03,0.00,-0.01,0.00,0,70,20,46
5.975,0.08,0.04,0.07,0.00,-0.00,-0.00,0.01,0.00,0.00,-0.00,0.01,0.00,0,71,19,46
5.985,0.08,0.01,0.07,0.00,-0.00,0.00,-0.03,0.00,0.00,0.00,0.01,0.00,0,70,19,44
5.996,0.10,0.03,0.07,0.00,-0.00,0.00,-0.05,-0.02,0.02,0.00,0.01,0.00,0,71,19,45
6.005,0.08,0.03,0.07,0.00,-0.00,0.00,-0.02,0.00,0.06,-0.00,-0.00,0.00,0,72,20,48
6.015,0.06,0.03,0.06,0.00,0.00,-0.00,0.01,0.02,0.00,-0.00,-0.01,-0.00,0,73,20,49
6.025,0.05,0.02,0.09,0.00,0.00,0.00,0.02,0.00,0.00,0.00,-0.01,0.00,0,72,20,49
6.036,0.04,0.02,0.07,0.00,0.00,0.00,0.01,0.00,0.03,0.00,-0.00,0.00,0,72,20,48
6.046,0.05,0.03,0.04,0.00,0.00,-0.00,0.00,0.00,0.01,-0.00,0.01,0.00,0,71,20,50
6.055,0.03,0.02,0.05,0.00,0.00,-0.00,-0.01,0.01,0.05,-0.00,0.01,0.00,0,72,19,48
6.065,0.04,0.03,0.07,-0.00,0.00,0.00,-0.01,0.03,0.07,0.00,0.00,0.00,0,73,20,49
6.076,0.05,0.02,0.06,-0.00,0.00,-0.00,0.00,0.02,0.05,0.00,-0.00,-0.00,0,72,21,48
6.086,0.09,0.03,0.04,-0.00,0.00,-0.00,-0.03,0.01,0.02,0.00,-0.01,0.00,0,73,20,48
6.096,0.12,0.02,0.05,0.00,0.00,-0.00,0.02,-0.02,-0.04,0.01,-0.01,0.00,0,73,20,48
6.106,0.07,0.03,0.05,0.00,-0.00,0.00,0.04,-0.03,-0.02,0.00,-0.01,0.00,0,73,21,49
6.117,0.10,0.01,0.06,0.00,-0.00,0.00,0.05,0.00,0.01,0.00,0.00,-0.00,0,72,19,48
6.126,0.08,0.03,0.06,0.00,-0.00,-0.00,0.00,0.00,0.00,-0.00,0.01,0.00,0,73,20,49
6.136,0.07,0.04,0.09,0.00,-0.00,-0.00,-0.02,-0.01,0.04,-0.00,0.01,0.00,0,74,20,48
6.146,0.06,0.04,0.08,0.00,-0.00,0.00,-0.04,0.00,0.06,-0.00,0.01,0.00,0,72,20,48
6.156,0.02,0.00,0.10,-0.00,0.00,0.00,-0.01,0.01,0.06,-0.00,0.00,0.00,0,73,19,47
6.167,0.03,0.02,0.09,0.00,-0.00,-0.00,0.00,0.02,0.00,-0.00,-0.01,-0.00,0,71,19,47
6.177,0.07,0.01,0.09,0.00,0.00,-0.00,0.00,-0.01,0.00,0.00,-0.01,0.00,0,71,20,47
6.186,0.07,0.00,0.08,-0.00,0.01,-0.00,0.01,0.00,0.00,0.00,-0.00,0.00,0,71,20,46
6.196,0.08,0.01,0.06,-0.01,0.01,-0.00,0.01,0.00,-0.02,0.00,-0.00,0.00,0,72,20,46
6.207,0.09,0.03,0.06,-0.00,0.00,-0.00,-0.01,0.00,-0.01,-0.00,0.00,0.00,0,73,20,46
6.217,0.09,0.03,0.05,0.00,-0.00,0.00,0.00,0.00,0.02,-0.00,0.01,-0.00,0,69,20,45
6.227,0.09,0.04,0.04,0.00,0.00,-0.00,0.00,0.00,0.04,0.00,0.00,0.00,0,70,19,45
6.237,0.09,0.04,0.06,0.00,-0.00,-0.00,0.00,-0.02,0.03,0.00,0.00,0.00,0,70,19,44
6.247,0.07,0.03,0.07,0.00,-0.00,-0.00,0.00,-0.01,0.01,-0.00,-0.00,0.00,0,71,20,46
6.257,0.08,0.02,0.07,0.00,-0.00,0.00,0.00,0.00,0.02,-0.00,-0.00,0.00,0,71,20,45
6.267,0.06,0.04,0.07,0.00,-0.00,-0.00,0.02,0.00,0.02,-0.00,0.00,0.00,0,72,20,47
6.277,0.06,0.01,0.08,0.00,-0.00,-0.00,0.00,0.02,0.03,-0.00,0.00,0.00,0,73,19,48
6.288,0.06,0.01,0.08,-0.00,0.00,-0.00,-0.02,0.01,0.03,-0.00,0.00,0.00,0,72,20,46
6.298,0.08,0.02,0.07,0.00,0.00,0.00,0.00,0.00,0.00,0.00,-0.00,-0.00,0,73,19,47
6.307,0.06,0.03,0.07,-0.00,0.00,0.00,0.00,0.00,-0.01,-0.00,0.00,-0.00,0,74,20,47
6.317,0.07,0.04,0.04,-0.00,0.00,-0.00,0.00,0.03,0.02,0.00,0.00,0.00,0,72,20,47
6.328,0.09,0.03,0.07,-0.00,0.00,0.00,0.00,0.00,0.01,0.00,-0.00,0.00,0,71,19,47
6.339,0.07,0.01,0.07,-0.00,0.00,0.00,0.01,0.01,0.00,0.00,0.00,0.00,0,70,19,45
6.353,0.08,0.01,0.04,0.00,0.00,-0.00,0.00,0.01,-0.02,0.00,0.00,-0.00,0,71,20,46
6.366,0.10,0.04,0.07,0.00,-0.00,-0.00,0.00,0.00,0.01,0.00,0.00,0.00,0,69,20,44
6.378,0.08,0.03,0.09,0.00,-0.00,-0.00,0.01,-0.01,0.01,-0.00,-0.01,0.00,0,68,20,44
6.388,0.09,0.03,0.06,0.00,-0.00,0.00,0.00,0.02,0.01,0.00,-0.00,0.00,0,67,20,43
6.398,0.07,0.05,0.04,0.01,-0.00,-0.00,0.01,-0.02,0.00,0.00,-0.00,0.00,0,68,20,42
6.410,0.08,0.01,0.08,0.00,-0.01,-0.00,0.00,0.00,0.02,0.00,0.00,-0.00,0,66,20,42
6.420,0.06,0.02,0.08,-0.00,-0.00,-0.00,-0.01,0.00,0.01,-0.00,0.00,0.00,0,66,19,42
6.434,0.06,0.03,0.07,-0.00,0.00,0.00,-0.02,0.00,0.01,-0.00,0.01,-0.00,0,66,19,41
6.446,0.05,0.03,0.10,-0.00,0.00,0.00,-0.01,0.00,0.02,0.00,0.00,0.00,0,63,20,39
6.458,0.05,0.03,0.06,-0.00,0.00,0.00,0.00,0.03,0.00,0.00,0.00,0.00,0,63,20,39
6.469,0.08,0.02,0.06,-0.00,0.00,-0.00,0.00,0.02,0.01,0.00,-0.00,0.00,0,63,21,40
6.480,0.08,0.01,0.09,0.00,0.00,0.00,0.00,-0.01,0.00,0.00,-0.00,0.00,0,62,20,39
6.492,0.07,0.03,0.06,0.00,-0.00,-0.00,-0.02,0.01,0.01,0.00,0.00,0.00,0,64,20,40
6.506,0.10,0.02,0.04,-0.00,-0.00,0.00,-0.05,0.03,0.03,-0.00,0.00,0.00,0,64,20,39
6.518,0.04,0.02,0.14,-0.02,0.02,0.01,-0.06,0.06,0.07,-0.01,0.01,0.00,0,63,20,38
6.528,0.07,0.02,0.16,-0.04,0.04,0.01,-0.01,0.09,0.05,-0.03,-0.07,-0.01,0,65,20,42
6.539,0.05,0.03,0.13,-0.08,0.05,0.01,0.04,-0.05,0.01,-0.04,-0.03,-0.02,0,65,19,41
6.551,0.02,0.03,0.19,-0.11,0.09,0.00,0.28,-0.50,-0.10,-0.08,-0.04,-0.03,0,66,19,42
6.564,0.13,0.06,-0.14,-0.10,0.09,-0.01,-0.16,-0.05,-0.21,-0.04,-0.10,-0.09,0,65,19,41
6.574,0.09,0.02,0.00,0.04,-0.04,0.01,-0.31,0.31,0.19,-0.13,0.22,0.05,0,65,20,43
6.586,-0.01,0.02,0.32,-0.01,0.02,0.01,0.02,0.49,-0.08,-0.05,-0.03,-0.11,0,65,20,41
6.598,0.11,0.00,0.14,-0.07,0.07,0.01,-0.03,0.08,0.29,-0.08,-0.11,-0.11,0,66,19,42
6.609,0.05,0.08,-0.04,-0.03,-0.00,-0.01,-0.65,-0.09,0.05,0.00,-0.07,0.01,0,66,19,41
6.619,0.12,0.00,0.13,0.02,-0.03,-0.01,-0.06,-0.07,0.27,-0.04,-0.03,-0.03,0,67,19,43
6.632,0.03,0.01,0.27,-0.02,0.01,0.00,0.16,0.02,0.06,-0.03,-0.10,-0.04,0,67,20,43
6.646,0.13,0.00,0.06,-0.08,0.09,0.01,0.12,0.03,-0.28,-0.03,-0.01,0.01,0,67,19,42
6.658,0.17,0.06,-0.19,-0.03,-0.00,-0.01,0.03,-0.14,-0.38,0.01,-0.07,-0.05,0,67,20,42
6.669,0.12,0.04,-0.06,0.07,-0.05,0.00,-0.24,0.00,0.12,0.04,-0.03,-0.02,0,68,20,44
6.680,0.07,0.01,0.12,0.08,-0.07,-0.00,-0.05,-0.07,0.34,0.00,0.00,0.01,0,68,20,42
6.692,0.06,0.01,0.12,0.06,-0.06,-0.01,0.03,0.10,-0.25,-0.02,-0.01,-0.01,0,70,20,45
6.705,0.07,0.00,0.13,0.04,-0.03,-0.00,0.17,0.06,-0.20,0.02,-0.08,-0.02,0,69,20,44
6.718,0.08,0.01,0.05,0.03,-0.02,0.00,0.04,-0.14,0.06,0.03,-0.03,0.02,0,70,20,46
6.728,0.04,0.00,0.21,0.03,-0.02,0.01,-0.14,-0.09,0.01,0.01,0.04,0.02,0,71,21,47
6.738,0.06,0.03,0.17,-0.02,0.02,0.00,-0.20,0.12,-0.03,-0.02,0.04,0.01,0,68,20,44
6.749,0.14,0.02,-0.09,-0.04,0.03,0.00,0.10,0.05,0.17,0.00,-0.01,-0.01,0,66,20,43
6.762,0.10,0.05,-0.03,0.01,-0.01,0.01,-0.05,-0.14,-0.08,0.02,-0.01,0.03,0,69,20,45
6.774,0.08,0.04,0.13,0.05,-0.03,0.00,-0.04,-0.02,0.02,0.01,-0.06,0.02,0,68,20,44
6.784,0.07,0.01,0.20,-0.02,0.05,0.01,0.06,0.06,-0.07,0.00,-0.01,0.04,0,68,19,45
6.795,0.09,0.00,0.09,-0.06,0.06,0.01,0.17,0.03,-0.05,0.00,-0.09,-0.00,0,67,20,43
6.807,0.12,0.07,-0.09,-0.04,0.03,0.00,0.19,-0.01,-0.18,-0.01,-0.06,0.00,0,67,21,44
6.819,0.07,0.02,0.01,-0.00,-0.01,0.00,0.11,0.00,-0.31,0.00,-0.02,-0.01,0,66,19,41
6.831,0.00,0.02,0.28,-0.01,0.01,0.02,0.10,-0.07,0.12,0.02,0.05,0.01,0,67,20,42
6.844,0.04,0.06,0.05,-0.07,0.06,0.00,-0.32,-0.04,0.47,0.04,0.08,0.02,0,68,20,42
6.855,0.08,0.03,0.01,-0.01,0.02,0.00,-0.44,0.01,0.26,-0.02,0.07,0.03,0,68,20,43
6.867,0.09,0.03,0.09,0.02,0.00,0.01,0.15,0.10,-0.14,-0.01,-0.06,-0.01,0,69,20,42
6.877,0.11,0.06,0.05,0.02,0.01,0.01,0.39,0.07,-0.12,-0.01,-0.11,-0.03,0,67,19,41
6.888,0.06,0.03,0.17,0.00,0.01,0.01,0.29,-0.01,-0.17,0.01,-0.08,-0.00,0,68,20,43
6.900,0.11,0.04,0.03,-0.02,0.01,-0.00,0.09,-0.11,-0.13,0.01,0.01,0.02,0,68,19,42
6.912,0.09,0.05,0.06,-0.00,0.01,0.00,-0.07,0.07,0.25,-0.00,0.05,-0.00,0,67,20,42
6.923,0.09,0.04,0.06,0.00,0.01,0.00,-0.02,0.05,0.22,0.00,0.01,-0.00,0,66,19,41
6.935,0.08,0.03,0.11,-0.00,0.00,0.00,-0.03,0.00,-0.08,0.00,-0.04,0.01,0,67,20,41
6.945,0.08,0.01,0.04,0.02,-0.01,0.00,0.05,-0.07,-0.04,0.00,-0.04,0.01,0,67,20,41
6.955,0.07,0.03,0.04,0.02,-0.02,0.00,0.14,-0.02,-0.03,0.02,-0.04,0.00,0,67,20,42
6.965,0.08,0.00,0.11,0.02,-0.01,-0.00,0.08,0.04,-0.05,-0.01,0.02,0.01,0,68,20,42
6.976,0.09,0.02,0.11,-0.01,0.00,0.00,-0.08,0.00,0.00,-0.00,0.03,0.00,0,67,20,42
6.986,0.08,0.04,0.06,-0.02,0.01,0.00,-0.08,-0.02,0.10,0.01,0.02,0.00,0,69,20,43
6.996,0.10,0.03,0.03,-0.00,0.00,0.00,-0.08,0.02,0.13,-0.00,0.00,-0.00,0,69,20,43
7.007,0.08,0.04,0.14,-0.00,0.00,0.00,-0.03,0.02,0.06,-0.00,-0.02,-0.01,0,67,19,43
7.019,0.09,0.04,0.08,-0.02,0.01,-0.00,0.01,-0.04,-0.01,0.00,-0.02,0.00,0,68,20,43
7.032,0.11,0.03,0.03,-0.01,0.01,0.00,0.02,-0.02,-0.01,0.00,-0.01,-0.00,0,66,20,41
7.044,0.11,0.05,0.03,-0.00,0.00,0.00,0.06,-0.03,-0.02,-0.01,0.01,-0.00,0,68,20,41
7.055,0.11,0.03,0.02,0.00,-0.00,0.00,-0.03,0.03,0.00,-0.00,0.02,0.00,0,67,20,41
7.065,0.10,0.03,0.05,0.00,0.00,0.00,-0.04,0.02,0.06,0.00,0.01,0.00,0,69,19,44
7.075,0.11,0.03,0.06,0.00,0.00,0.00,-0.04,0.03,0.06,0.00,-0.01,-0.00,0,68,19,44
7.085,0.09,0.02,0.07,0.00,-0.00,0.00,0.00,0.01,0.04,0.00,-0.01,-0.00,0,69,20,43
7.095,0.06,0.04,0.06,0.00,0.00,0.00,0.02,0.02,0.00,0.00,-0.02,0.00,0,68,19,43
7.105,0.06,0.01,0.04,0.00,0.00,-0.00,0.02,0.00,0.00,0.00,-0.00,0.00,0,67,20,42
7.115,0.06,0.01,0.09,0.00,-0.00,-0.00,0.00,0.01,-0.01,-0.00,0.01,0.00,0,66,19,42
7.125,0.08,0.02,0.08,0.00,-0.00,0.00,-0.04,0.02,0.04,-0.00,0.01,0.00,0,66,19,42
7.135,0.09,0.03,0.11,0.00,-0.00,0.00,-0.04,0.01,0.07,0.00,0.01,0.00,0,66,19,42
7.146,0.10,0.05,0.06,-0.00,0.00,-0.00,-0.01,-0.01,0.08,0.00,-0.01,-0.00,0,66,20,41
7.156,0.10,0.04,0.04,-0.00,0.00,-0.00,0.02,-0.02,0.00,0.00,-0.02,-0.00,0,65,20,41
7.165,0.10,0.03,0.06,-0.01,0.00,0.00,0.03,-0.01,-0.01,0.00,-0.01,-0.00,0,65,20,42
7.175,0.10,0.04,0.07,-0.00,-0.00,0.00,0.04,0.00,0.00,-0.00,0.00,0.00,0,67,20,44
7.186,0.07,0.04,0.10,-0.00,0.00,-0.00,0.01,-0.01,0.03,0.00,0.01,0.00,0,68,20,45
7.196,0.08,0.03,0.07,-0.00,-0.00,0.00,-0.03,0.03,0.01,-0.00,0.01,0.00,0,69,20,45
7.205,0.08,0.03,0.06,-0.00,-0.00,0.00,-0.03,0.01,0.04,-0.00,0.01,-0.00,0,70,20,45
7.215,0.07,0.02,0.07,0.00,-0.00,0.00,-0.03,0.01,0.01,0.00,-0.00,0.00,0,68,20,45
7.226,0.08,0.04,0.09,0.00,-0.00,0.00,-0.02,0.00,0.00,0.00,-0.01,0.00,0,69,20,44
7.236,0.06,0.03,0.09,0.00,0.00,-0.00,0.02,0.01,0.02,0.00,-0.01,-0.00,0,69,19,44
7.245,0.05,0.04,0.06,0.00,-0.00,-0.00,0.02,0.01,0.02,0.00,-0.00,0.00,0,70,19,44
7.255,0.06,0.01,0.09,0.00,0.00,0.00,0.00,0.03,0.00,0.00,0.01,0.00,0,70,19,44
7.265,0.07,0.03,0.07,0.00,-0.00,-0.00,-0.02,0.04,0.05,0.00,0.01,0.00,0,70,20,44
7.276,0.07,0.05,0.08,-0.00,0.00,-0.00,-0.06,0.00,0.07,0.00,0.01,0.00,0,69,20,44
7.285,0.10,0.03,0.11,0.00,0.00,0.00,0.00,0.01,0.06,0.00,-0.01,0.00,0,69,19,44
7.295,0.11,0.03,0.07,0.00,0.00,-0.00,0.00,-0.01,0.01,0.00,-0.01,-0.00,0,69,19,44
7.305,0.08,0.01,0.05,0.00,0.00,0.00,0.03,0.00,-0.03,0.00,-0.01,0.00,0,68,19,43
7.316,0.10,0.02,0.06,-0.00,0.00,0.00,0.03,0.00,-0.03,0.00,-0.00,0.00,0,69,20,44
7.326,0.09,0.01,0.08,0.00,-0.00,0.00,0.02,0.00,0.00,-0.00,0.01,0.00,0,68,20,46
7.335,0.07,0.05,0.07,0.00,-0.00,0.00,0.00,0.00,0.04,-0.00,0.01,-0.00,0,70,19,44
7.345,0.08,0.05,0.05,0.00,0.00,0.00,-0.06,0.01,0.10,-0.00,0.01,0.00,0,70,20,44
7.356,0.07,0.01,0.05,0.00,-0.00,0.00,-0.04,0.00,0.04,-0.00,0.00,0.00,0,71,21,44
7.366,0.08,0.02,0.08,0.00,0.00,-0.00,-0.01,0.00,0.02,0.00,-0.01,-0.00,0,68,19,44
7.376,0.07,0.03,0.09,-0.00,-0.00,0.00,0.02,0.02,0.01,0.00,-0.02,-0.00,0,66,20,43
7.386,0.08,0.02,0.07,0.00,-0.00,0.00,0.03,0.01,0.00,0.00,-0.00,0.00,0,65,20,41
7.397,0.07,0.02,0.06,-0.00,0.00,-0.00,0.00,-0.02,0.02,0.00,0.01,0.00,0,65,20,41
7.406,0.09,0.00,0.06,0.00,0.00,-0.00,-0.02,0.02,0.02,0.00,0.01,-0.00,0,66,20,42
7.416,0.11,0.02,0.07,-0.00,0.00,0.00,-0.04,0.03,0.02,-0.00,0.01,0.00,0,67,21,43
7.426,0.12,0.03,0.04,-0.00,0.00,0.00,-0.03,0.03,0.03,0.00,-0.00,0.00,0,66,21,42
7.436,0.09,0.02,0.03,0.00,-0.00,-0.00,0.04,-0.02,0.00,0.00,-0.02,0.00,0,66,20,43
7.447,0.09,0.05,0.04,0.00,-0.00,0.00,0.05,0.00,-0.01,0.00,-0.01,-0.00,0,66,20,42
7.457,0.04,0.05,0.11,0.00,-0.00,-0.00,0.03,0.01,-0.01,-0.00,0.00,0.00,0,67,19,42
7.466,0.06,0.04,0.07,-0.00,-0.00,0.00,-0.02,0.01,0.08,0.00,0.02,0.00,0,68,19,43
7.476,0.08,0.01,0.08,-0.00,0.00,-0.00,-0.04,0.00,0.11,0.00,0.02,0.00,0,66,20,41
7.487,0.12,0.03,0.04,-0.00,0.00,-0.00,-0.06,0.00,0.09,-0.00,0.00,0.00,0,68,20,43
7.497,0.10,0.03,0.06,-0.00,0.00,0.00,-0.06,-0.01,0.05,0.00,-0.01,0.00,0,69,19,43
7.507,0.10,0.02,0.08,-0.00,0.00,0.00,0.05,-0.01,-0.04,0.00,-0.02,-0.00,0,70,19,45
7.517,0.09,0.02,0.06,0.00,0.00,0.00,0.08,0.01,-0.06,-0.00,-0.01,-0.00,0,69,20,43
7.528,0.08,0.02,0.09,-0.00,0.00,0.00,0.04,0.02,0.00,0.00,-0.00,0.00,0,70,20,45
7.537,0.09,0.02,0.05,-0.00,0.00,0.00,0.00,0.03,-0.01,-0.00,0.02,0.00,0,68,19,43
7.547,0.10,0.01,0.04,0.00,0.00,0.00,-0.05,0.01,0.08,-0.00,0.02,0.00,0,69,20,43
7.557,0.08,0.03,0.08,0.00,0.00,0.00,-0.05,0.00,0.07,0.00,0.00,-0.00,0,70,19,43
7.568,0.10,0.04,0.07,0.00,0.00,-0.00,-0.03,0.00,0.04,-0.00,-0.01,-0.00,0,68,19,43
7.579,0.07,0.02,0.08,-0.00,-0.00,-0.00,0.00,0.01,0.02,0.00,-0.01,0.00,0,68,20,44
7.590,0.08,0.01,0.08,-0.00,-0.00,-0.00,0.04,0.01,0.00,0.00,-0.01,0.00,0,68,19,43
7.602,0.08,0.01,0.06,0.00,-0.00,-0.00,0.02,0.01,0.02,0.00,-0.00,0.00,0,68,19,42
7.616,0.06,0.05,0.08,0.00,-0.00,0.00,0.01,0.01,0.02,-0.00,0.01,0.00,0,69,20,44
7.627,0.11,0.03,0.04,0.00,-0.00,-0.00,-0.04,0.02,0.05,0.00,0.01,0.00,0,67,20,43
7.637,0.10,0.06,0.08,0.00,-0.00,-0.00,0.00,-0.04,0.00,0.01,-0.01,0.00,0,67,19,42
7.648,0.05,0.07,0.04,-0.00,-0.00,0.00,0.03,-0.04,0.01,0.00,-0.02,-0.00,0,66,20,41
7.660,0.01,0.04,0.06,0.00,-0.00,0.00,0.04,0.04,0.04,-0.00,0.00,0.00,0,66,20,41
7.670,0.04,0.03,0.09,0.00,-0.00,0.00,0.00,0.09,0.06,-0.01,0.01,-0.00,0,68,20,42
7.681,0.15,0.02,0.05,-0.01,0.01,-0.00,-0.05,0.02,0.03,0.00,0.01,0.00,0,67,20,43
7.696,0.15,0.03,0.02,-0.01,0.01,-0.00,-0.07,-0.02,0.01,0.01,-0.00,0.01,0,65,21,41
7.707,0.12,0.03,0.05,0.00,-0.00,0.00,0.05,-0.03,-0.02,0.01,-0.03,-0.00,0,65,20,41
7.718,0.06,0.02,0.08,0.00,-0.01,0.00,0.08,0.02,-0.05,-0.01,0.00,-0.00,0,64,20,40
7.729,0.05,0.02,0.09,0.00,-0.00,0.00,0.00,0.01,0.00,-0.00,0.02,0.00,0,66,20,44
7.742,0.07,0.03,0.08,0.00,-0.00,0.00,-0.09,0.00,0.13,0.00,0.03,0.01,0,66,21,41
7.754,0.07,0.06,0.05,-0.00,0.00,0.00,-0.09,0.01,0.12,-0.00,0.01,0.00,0,66,19,42
7.767,0.09,0.04,0.08,0.00,-0.00,-0.00,-0.07,0.00,0.06,-0.00,-0.01,-0.00,0,65,19,41
7.778,0.09,0.03,0.08,0.00,0.00,0.00,0.01,0.01,0.01,0.00,-0.03,0.00,0,66,20,42
7.789,0.08,0.01,0.03,0.00,0.00,0.00,0.07,-0.01,-0.03,0.00,-0.01,0.00,0,67,20,40
7.801,0.09,0.02,0.08,0.00,0.00,0.00,0.05,0.00,0.04,-0.00,0.01,0.00,0,66,20,42
7.815,0.07,0.03,0.08,-0.00,0.00,0.00,0.00,0.01,0.03,-0.00,0.03,-0.00,0,67,20,41
7.828,0.09,0.06,0.09,0.00,-0.00,0.00,-0.12,0.00,0.08,-0.00,0.03,0.00,0,67,20,41
7.839,0.06,0.04,0.06,0.00,0.00,0.00,-0.06,-0.01,0.12,0.00,-0.02,-0.00,0,67,19,42
7.851,0.08,0.03,0.05,0.00,0.00,0.00,0.05,0.03,-0.02,-0.00,-0.02,-0.00,0,67,20,43
7.864,0.07,0.01,0.09,0.00,0.00,0.00,0.04,0.02,-0.03,-0.00,-0.01,0.00,0,67,20,41
7.877,0.05,0.02,0.05,-0.00,0.00,-0.00,0.01,0.01,-0.01,0.00,-0.00,0.00,0,66,20,43
7.888,0.12,0.04,0.05,-0.00,0.00,0.00,0.00,-0.02,0.05,0.00,0.01,0.00,0,66,20,42
7.899,0.10,0.01,0.04,-0.00,-0.00,-0.00,-0.04,0.00,0.06,-0.00,0.01,0.00,0,69,20,43
7.912,0.08,0.02,0.06,0.01,-0.00,-0.00,-0.01,0.01,0.01,0.00,-0.01,0.00,0,67,19,41
7.925,0.06,0.00,0.07,0.00,-0.00,0.00,0.08,0.03,0.02,0.01,-0.02,-0.01,0,68,19,44
7.935,0.11,0.05,0.04,-0.00,0.00,-0.00,-0.01,0.00,-0.01,-0.00,-0.00,-0.00,0,66,20,42
7.947,0.10,0.04,0.04,-0.00,0.00,-0.00,-0.06,-0.03,-0.02,0.00,0.01,0.01,0,66,19,42
7.959,0.12,0.04,0.07,0.00,0.00,0.00,-0.05,-0.04,0.04,0.01,0.01,0.00,0,66,20,43
7.970,0.07,0.03,0.05,0.01,-0.00,-0.00,0.00,0.00,0.07,-0.01,-0.00,-0.00,0,65,20,40
7.982,0.09,0.01,0.07,0.00,-0.00,-0.00,-0.01,0.00,0.00,0.00,0.00,0.00,0,65,20,41
7.995,0.09,0.00,0.08,-0.00,0.00,-0.00,-0.04,-0.02,0.01,0.00,0.00,0.00,0,65,20,41
8.006,0.10,0.03,0.06,-0.00,0.00,-0.00,0.00,0.00,0.02,0.00,-0.00,0.00,0,65,20,41
8.018,0.09,0.02,0.08,-0.00,0.00,0.00,-0.01,0.00,0.01,-0.00,-0.00,-0.00,0,66,20,41
8.030,0.08,0.02,0.07,0.00,-0.00,0.00,-0.01,0.01,0.01,0.00,0.00,0.00,0,66,19,40
8.042,0.05,0.03,0.06,0.00,0.00,-0.00,0.00,0.01,0.01,-0.00,-0.00,0.00,0,65,19,41
8.054,0.11,0.03,0.06,0.00,0.00,0.00,0.01,0.05,0.02,0.00,-0.00,-0.00,0,66,20,40
8.066,0.12,0.02,0.06,0.00,0.00,-0.00,0.01,0.00,0.01,0.00,-0.00,0.00,0,66,20,41
8.079,0.12,0.03,0.07,0.00,0.00,0.00,-0.01,-0.03,0.00,0.00,-0.01,0.00,0,65,20,41
8.090,0.08,0.04,0.07,0.00,0.00,0.00,0.03,-0.01,0.00,0.00,-0.00,-0.00,0,66,19,41
8.102,0.07,0.03,0.09,0.00,-0.00,0.00,0.02,0.03,0.03,-0.00,0.01,-0.00,0,67,20,41
8.114,0.05,0.05,0.07,0.00,-0.01,0.00,-0.01,0.01,0.05,-0.00,0.01,0.00,0,66,20,40
8.126,0.06,0.03,0.09,0.00,0.00,0.00,-0.04,0.00,0.05,-0.00,0.01,0.00,0,67,19,41
8.135,0.08,0.05,0.10,-0.00,0.00,0.00,-0.02,-0.02,0.08,0.00,0.00,0.00,0,65,19,39
8.146,0.06,0.02,0.08,0.00,-0.00,0.00,-0.01,-0.01,0.03,0.00,-0.01,0.00,0,68,20,42
8.158,0.07,0.03,0.08,0.00,0.00,-0.00,0.00,0.00,0.04,0.00,-0.01,0.00,0,67,20,42
8.171,0.07,0.01,0.10,0.00,0.01,-0.00,0.01,0.02,0.00,0.00,-0.01,-0.00,0,68,20,42
8.182,0.09,0.00,0.07,-0.00,0.00,-0.00,-0.01,0.00,0.05,0.00,0.00,-0.00,0,66,20,41
8.194,0.09,0.04,0.08,0.00,0.00,-0.00,-0.01,0.00,0.02,0.00,0.00,0.00,0,67,20,43
8.204,0.07,0.02,0.01,0.00,0.00,-0.00,-0.03,0.00,0.04,0.00,-0.00,0.00,0,67,20,41
8.216,0.10,0.04,0.04,0.00,-0.00,0.00,0.01,0.01,0.00,0.00,-0.00,0.00,0,67,20,42
8.226,0.10,0.01,0.09,0.01,-0.00,0.00,0.00,0.00,0.00,0.00,-0.00,0.00,0,67,20,42
8.235,0.07,0.01,0.08,0.00,-0.01,0.00,0.00,0.02,0.03,0.00,0.00,-0.00,0,66,20,41
8.246,0.09,0.05,0.03,0.00,-0.00,-0.00,-0.01,0.03,0.05,-0.00,0.00,0.00,0,68,20,42
8.258,0.08,0.02,0.08,0.00,0.00,0.00,-0.01,0.00,0.03,0.00,-0.00,0.00,0,68,21,43
8.270,0.09,0.06,0.03,-0.00,0.00,0.00,0.01,0.00,0.01,0.00,-0.01,0.00,0,67,20,42
8.282,0.08,0.03,0.06,-0.00,0.00,0.00,0.00,0.01,0.00,0.00,0.00,0.00,0,66,20,41
8.294,0.08,0.02,0.08,0.00,-0.00,0.00,0.02,-0.01,0.02,-0.00,0.00,0.00,0,67,20,42
8.305,0.06,0.02,0.08,0.00,0.00,0.00,0.00,0.00,0.02,0.00,0.00,0.00,0,68,19,42
8.315,0.08,0.03,0.04,-0.00,0.00,0.00,-0.01,0.00,0.05,0.00,-0.00,0.00,0,68,19,43
8.325,0.10,0.00,0.07,-0.00,0.00,0.00,-0.02,0.00,0.03,-0.00,-0.00,0.00,0,69,20,43
8.335,0.09,0.01,0.05,0.00,-0.00,0.00,0.00,-0.01,0.01,0.00,-0.01,0.00,0,68,20,44
8.345,0.10,0.03,0.06,0.00,0.00,-0.00,0.00,0.00,0.00,0.00,-0.01,0.00,0,68,19,44
8.355,0.09,0.02,0.06,0.00,-0.00,-0.00,0.04,0.00,0.01,0.00,-0.01,0.00,0,69,20,43
8.365,0.09,0.03,0.06,0.00,-0.00,-0.00,0.00,0.01,-0.02,-0.00,0.00,0.00,0,70,20,44
8.375,0.09,0.03,0.07,0.00,-0.00,-0.00,-0.01,0.00,0.00,0.00,0.01,0.00,0,69,20,43
8.385,0.08,0.02,0.09,0.00,-0.01,0.00,-0.02,-0.01,0.05,0.00,0.00,0.00,0,68,19,43
8.395,0.07,0.04,0.07,0.00,-0.01,-0.00,0.00,0.01,0.07,-0.00,0.00,-0.00,0,70,19,43
8.405,0.08,0.05,0.10,-0.00,0.00,0.00,0.00,0.00,0.04,-0.00,-0.00,-0.00,0,69,20,44
8.415,0.07,0.02,0.06,-0.00,0.00,-0.00,0.00,0.00,0.01,0.00,-0.00,-0.00,0,68,21,44
8.425,0.09,0.03,0.08,-0.00,0.00,0.00,0.00,0.00,0.02,0.00,-0.00,-0.00,0,68,20,42
8.435,0.10,0.03,0.07,-0.00,0.00,0.00,-0.01,0.00,0.01,0.00,-0.00,0.00,0,67,20,40
8.445,0.10,0.03,0.05,-0.00,0.00,0.00,0.00,0.00,0.03,0.00,-0.00,-0.00,0,69,20,43
8.455,0.12,0.02,0.04,-0.00,-0.00,0.00,0.00,0.01,0.02,0.00,-0.00,0.00,0,69,20,44
8.466,0.09,0.02,0.09,0.00,-0.00,-0.00,-0.01,0.02,0.00,0.00,0.00,0.00,0,68,20,43
8.475,0.06,0.05,0.07,0.00,0.00,0.00,0.00,0.00,0.04,0.00,-0.00,0.00,0,68,20,44
8.485,0.08,0.03,0.06,0.00,-0.00,-0.00,0.00,0.02,0.04,0.00,-0.00,-0.00,0,67,20,41
8.495,0.08,0.04,0.02,0.00,-0.00,0.00,-0.01,0.00,0.02,-0.00,-0.00,-0.00,0,68,20,42
8.504,0.09,0.03,0.06,0.00,-0.00,-0.00,-0.02,0.00,0.01,0.00,0.00,0.00,0,68,19,42
8.515,0.07,0.02,0.06,0.00,0.00,0.00,0.00,0.01,0.03,0.00,-0.00,-0.00,0,68,20,44
8.525,0.08,0.04,0.07,0.00,0.00,0.00,-0.01,0.00,0.04,0.00,0.00,0.00,0,67,20,41
8.535,0.06,0.05,0.08,0.00,-0.00,0.00,0.00,0.02,0.02,-0.00,-0.01,0.00,0,68,20,43
8.545,0.10,0.03,0.03,-0.00,0.00,0.00,0.00,0.01,0.04,-0.00,-0.00,0.00,0,68,20,42
8.555,0.09,0.03,0.05,-0.00,-0.00,-0.00,0.00,0.00,0.01,0.00,0.00,0.00,0,68,20,43
8.565,0.10,0.04,0.06,-0.00,-0.00,-0.00,-0.02,0.00,0.03,0.00,-0.00,0.00,0,68,19,42
8.575,0.09,0.03,0.07,-0.00,0.00,0.00,0.00,0.00,0.04,-0.00,-0.00,0.00,0,68,19,42
8.585,0.10,0.02,0.07,-0.00,0.00,-0.00,0.00,0.02,0.00,0.00,-0.00,-0.00,0,67,19,43
8.596,0.09,0.02,0.05,0.00,0.00,-0.00,-0.01,0.00,0.02,0.00,-0.00,0.00,0,69,19,45
8.606,0.09,0.01,0.04,0.00,-0.00,0.00,0.00,0.01,0.03,0.00,0.00,-0.00,0,68,19,44
8.615,0.07,0.01,0.07,-0.00,-0.00,0.00,0.00,0.02,0.00,0.00,-0.00,-0.00,0,67,20,43
8.625,0.07,0.03,0.09,-0.00,0.00,0.00,-0.01,0.01,0.01,-0.00,0.00,0.00,0,67,20,44
8.636,0.09,0.02,0.06,0.00,-0.00,-0.00,-0.03,0.02,0.02,-0.00,0.00,-0.00,0,67,20,43
8.646,0.09,0.03,0.08,0.00,-0.00,0.00,-0.01,0.00,0.03,0.00,0.00,0.00,0,66,20,43
8.656,0.10,0.02,0.07,0.00,-0.00,0.00,0.00,0.00,0.03,-0.00,-0.00,0.00,0,66,20,42
8.666,0.08,0.02,0.05,0.00,-0.00,-0.00,0.00,0.00,0.01,-0.00,-0.00,0.00,0,65,20,41
8.675,0.07,0.03,0.06,0.00,-0.00,-0.00,0.00,0.00,0.00,0.00,-0.01,0.00,0,65,20,42
8.687,0.07,0.02,0.05,-0.00,-0.00,-0.00,0.00,0.02,0.01,-0.00,-0.00,0.00,0,68,19,45
8.696,0.09,0.04,0.08,-0.00,-0.00,0.00,0.00,0.00,0.02,-0.00,0.00,0.00,0,68,20,44
8.706,0.09,0.04,0.04,0.00,0.00,0.00,-0.02,0.00,0.07,0.00,0.00,0.00,0,68,20,43
8.716,0.10,0.03,0.09,-0.00,0.00,0.00,-0.01,0.00,0.02,0.00,0.00,0.00,0,70,20,44
8.727,0.08,0.02,0.09,0.00,0.00,0.00,-0.01,0.00,0.05,-0.00,0.00,-0.00,0,69,21,44
8.737,0.07,0.05,0.09,0.00,-0.00,0.00,0.00,0.00,0.03,-0.00,0.00,0.00,0,68,20,42
8.747,0.07,0.01,0.05,0.00,-0.00,-0.00,-0.01,0.02,0.03,0.00,0.00,0.00,0,69,20,45
8.756,0.08,0.00,0.11,0.00,0.00,0.00,0.00,0.02,0.04,-0.00,0.00,-0.00,0,68,19,43
8.767,0.09,0.05,0.08,-0.00,0.00,0.00,0.00,0.00,0.00,0.00,0.00,-0.00,0,70,20,44
8.777,0.10,0.02,0.08,0.00,0.00,0.00,0.00,-0.01,0.00,0.00,-0.00,0.00,0,69,20,44
8.787,0.06,0.04,0.08,0.00,0.00,-0.00,-0.01,-0.03,0.00,0.00,-0.01,0.00,0,68,20,42
8.797,0.04,0.02,0.05,0.00,-0.00,0.00,0.00,0.00,0.03,-0.00,0.01,-0.00,0,68,20,42
8.808,0.06,0.02,0.07,0.00,-0.00,0.00,0.00,0.07,0.06,-0.00,0.01,0.00,0,69,19,45
8.817,0.07,0.02,0.08,0.00,0.00,0.00,-0.02,0.00,0.03,0.00,0.01,0.00,0,68,20,44
8.828,0.12,0.02,0.08,0.00,0.00,0.00,-0.04,0.00,0.04,0.01,0.00,0.00,0,69,20,44
8.838,0.10,0.03,0.06,-0.00,0.00,0.00,-0.03,-0.02,0.03,0.01,-0.00,0.00,0,69,20,44
8.852,0.14,0.01,0.02,-0.00,0.00,-0.00,0.03,-0.02,-0.01,0.00,-0.02,-0.00,0,69,19,44
8.865,0.09,0.03,0.07,0.00,0.00,-0.00,0.06,0.00,-0.02,-0.00,-0.01,-0.00,0,67,19,42
8.876,0.09,0.02,0.08,0.00,-0.00,0.00,0.05,0.01,-0.01,0.00,0.02,0.00,0,67,19,42
8.887,0.06,0.02,0.07,-0.00,-0.00,0.00,0.00,0.02,0.02,-0.00,0.02,0.00,0,67,19,42
8.898,0.08,0.03,0.06,0.00,-0.00,-0.00,-0.08,0.01,0.08,-0.00,0.00,-0.00,0,67,19,41
8.909,0.10,0.03,0.06,0.00,0.00,-0.00,-0.04,0.01,0.08,0.00,-0.01,-0.00,0,65,20,41
8.919,0.09,0.04,0.09,0.00,0.00,0.00,0.02,0.01,-0.01,0.00,-0.02,0.00,0,65,20,40
8.933,0.10,0.04,0.06,-0.00,-0.00,0.00,0.06,0.00,-0.02,0.00,-0.01,0.00,0,65,19,41
8.944,0.09,0.03,0.06,0.00,0.00,0.00,0.02,0.00,0.00,0.00,-0.00,0.00,0,64,20,39
8.956,0.07,0.03,0.06,0.00,-0.00,0.00,0.02,0.03,0.04,-0.00,0.01,0.00,0,64,20,39
8.967,0.09,0.02,0.08,-0.00,-0.00,0.00,-0.08,0.03,0.07,0.00,0.01,0.00,0,63,20,37
8.979,0.10,0.05,0.07,0.00,0.00,0.00,-0.02,0.00,0.07,0.00,-0.01,0.00,0,65,20,40
8.989,0.10,0.02,0.09,0.00,0.00,-0.00,0.01,0.00,0.02,0.00,-0.02,0.00,0,64,19,39
9.002,0.07,0.01,0.07,0.00,-0.00,0.00,0.03,0.03,-0.03,-0.00,-0.01,0.00,0,65,19,41
9.016,0.06,0.04,0.09,0.00,0.00,-0.00,0.04,0.01,0.00,0.00,0.00,0.00,0,64,20,40
9.028,0.10,0.04,0.06,-0.00,0.00,0.00,0.00,0.00,0.01,0.00,0.01,0.00,0,65,19,41
9.039,0.11,0.06,0.08,-0.00,-0.00,0.00,-0.03,-0.01,0.03,-0.00,0.01,0.00,0,63,21,40
9.051,0.09,0.03,0.07,0.00,-0.00,-0.00,-0.02,0.00,0.06,0.00,-0.01,-0.00,0,63,20,40
9.066,0.06,0.03,0.08,0.00,-0.00,-0.00,0.02,0.02,0.03,0.00,-0.01,-0.00,0,63,19,39
9.077,0.09,0.03,0.09,-0.00,0.00,0.00,0.03,0.01,0.01,0.00,-0.00,0.00,0,64,19,40
9.088,0.10,0.04,0.07,-0.00,0.00,-0.00,0.00,0.00,0.02,0.00,0.01,0.00,0,67,20,42
9.100,0.11,0.04,0.05,-0.00,0.00,0.00,-0.03,0.00,0.06,0.00,0.01,-0.00,0,67,20,41
9.114,0.11,0.02,0.06,-0.00,0.00,-0.00,-0.01,0.01,0.04,0.00,0.00,-0.00,0,66,20,41
9.126,0.08,0.01,0.07,0.00,0.00,0.00,0.01,0.01,0.00,0.00,0.00,-0.00,0,66,18,41
9.138,0.07,0.02,0.10,0.00,-0.00,-0.00,0.01,0.00,0.01,0.00,-0.01,0.00,0,66,19,41
9.150,0.07,0.04,0.05,0.00,0.00,0.00,-0.01,0.00,-0.01,0.00,0.00,0.00,0,66,20,40
9.162,0.10,0.02,0.06,0.00,-0.00,0.00,-0.04,0.00,0.03,0.00,0.00,0.00,0,67,20,41
9.175,0.10,0.03,0.07,0.00,-0.00,0.00,-0.02,0.00,0.02,0.00,0.00,0.00,0,68,20,44
9.186,0.06,0.03,0.08,-0.00,0.00,0.00,0.00,0.01,0.03,-0.00,0.00,0.00,0,68,20,42
9.199,0.08,0.01,0.05,-0.00,0.00,0.00,0.01,0.00,0.04,-0.00,0.00,-0.00,0,68,20,42
9.210,0.10,0.03,0.07,-0.00,0.00,0.00,0.00,-0.02,0.02,0.00,-0.00,0.00,0,70,21,45
9.220,0.08,0.05,0.07,-0.00,0.00,0.00,0.00,-0.01,-0.01,0.00,-0.00,-0.00,0,71,19,45
9.233,0.12,0.03,0.10,0.00,0.00,-0.00,0.00,0.00,0.04,0.00,0.00,0.00,0,71,19,46
9.244,0.07,0.02,0.06,0.00,0.00,-0.00,-0.02,0.01,0.06,0.00,0.00,0.00,0,71,19,46
9.256,0.10,0.02,0.08,0.00,0.00,0.00,-0.02,0.04,0.04,-0.01,0.00,0.00,0,71,20,45
9.268,0.09,0.03,0.05,-0.00,0.00,0.00,-0.02,0.02,0.01,0.00,0.00,-0.00,0,70,21,45
9.281,0.08,0.04,0.09,-0.00,0.00,-0.00,-0.01,0.00,0.04,0.00,-0.01,-0.00,0,69,20,45
9.292,0.10,0.04,0.07,0.00,0.00,-0.00,0.00,0.00,0.03,0.00,-0.00,-0.00,0,70,20,44
9.304,0.08,0.03,0.06,-0.00,0.00,0.00,-0.01,-0.01,0.02,-0.00,0.00,0.00,0,70,20,45
9.315,0.08,0.03,0.05,0.00,0.00,0.00,0.00,0.01,0.02,0.00,0.00,0.00,0,71,19,45
9.328,0.09,0.02,0.08,-0.00,0.00,-0.00,-0.02,0.01,0.00,-0.00,0.01,0.00,0,70,20,44
9.340,0.09,0.05,0.07,-0.00,0.00,0.00,-0.03,-0.01,0.00,-0.00,0.00,0.00,0,69,20,44
9.352,0.07,0.04,0.04,-0.00,0.00,0.00,0.01,0.00,-0.01,0.00,-0.01,-0.00,0,67,19,42
9.364,0.08,0.03,0.06,0.00,0.00,-0.00,0.00,0.00,-0.02,-0.00,-0.00,0.00,0,66,21,43
9.376,0.10,0.03,0.10,0.00,0.00,-0.00,-0.01,0.00,-0.01,-0.00,0.00,0.00,0,66,20,43
9.387,0.09,0.05,0.07,0.00,0.00,0.00,0.00,0.00,0.06,0.00,0.00,0.00,0,67,20,42
9.399,0.11,0.01,0.04,-0.00,0.00,0.00,-0.01,0.03,0.03,0.00,0.00,0.00,0,65,20,42
9.412,0.10,0.02,0.08,0.00,0.00,0.00,-0.03,-0.02,0.02,0.00,0.00,0.00,0,65,20,42
9.423,0.09,0.01,0.07,0.00,0.00,0.00,0.03,0.00,0.01,0.00,-0.00,-0.00,0,66,19,41
9.434,0.08,0.02,0.08,0.00,0.00,0.00,0.02,0.04,0.01,-0.00,-0.00,-0.00,0,69,20,44
9.445,0.09,0.01,0.05,0.00,-0.00,0.00,0.00,0.02,0.00,-0.00,0.00,0.00,0,69,20,44
9.456,0.10,0.03,0.08,0.00,0.00,0.00,-0.01,-0.01,0.02,0.00,0.00,0.00,0,69,20,45
9.466,0.08,0.04,0.05,-0.00,0.00,0.00,0.00,0.01,0.05,0.00,-0.00,0.00,0,69,22,44
9.478,0.09,0.04,0.08,-0.00,0.00,-0.00,-0.01,0.01,0.00,0.00,0.00,-0.00,0,68,20,44
9.492,0.09,0.06,0.06,-0.00,-0.00,-0.00,0.00,0.00,-0.01,-0.00,0.00,0.00,0,67,20,43
9.503,0.09,0.02,0.04,0.00,-0.00,0.00,0.04,0.04,0.02,0.00,-0.00,0.00,0,67,19,41
9.514,0.10,0.03,0.05,-0.00,0.00,0.00,0.00,0.00,0.04,-0.00,-0.00,-0.00,0,66,20,41
9.524,0.06,0.03,0.07,-0.00,0.00,-0.00,-0.03,0.00,-0.02,-0.00,0.01,-0.00,0,66,20,42
9.535,0.06,0.03,0.10,0.00,0.00,0.00,-0.01,-0.03,0.04,0.00,0.00,0.00,0,67,20,42
9.545,0.08,0.02,0.07,0.00,0.00,0.00,0.00,0.01,0.05,0.00,-0.00,0.00,0,67,20,42
9.555,0.06,0.04,0.02,0.00,-0.00,0.00,0.00,0.03,0.02,-0.00,0.00,0.00,0,68,20,41
9.565,0.09,0.04,0.09,0.00,-0.00,0.00,-0.02,0.00,0.04,-0.00,0.00,0.00,0,67,19,42
9.575,0.09,0.06,0.09,0.00,-0.00,-0.00,0.00,0.00,0.03,0.00,-0.00,0.00,0,68,20,43
9.585,0.09,0.04,0.10,0.00,0.00,0.00,0.00,0.00,0.02,-0.00,-0.00,-0.00,0,69,20,43
9.595,0.10,0.03,0.06,-0.00,0.00,-0.00,0.00,0.01,0.00,0.00,0.00,0.00,0,68,20,42
9.604,0.06,0.04,0.06,0.00,-0.00,-0.00,-0.01,0.00,0.04,0.00,0.00,0.00,0,69,19,44
9.615,0.08,0.02,0.08,-0.00,-0.00,-0.00,-0.01,0.00,0.03,0.00,0.00,-0.00,0,68,20,43
9.625,0.07,0.03,0.08,0.00,-0.00,0.00,0.00,0.00,0.04,-0.00,-0.00,0.00,0,69,19,43
9.635,0.09,0.04,0.07,-0.00,0.00,-0.00,0.00,0.00,0.00,-0.00,-0.00,0.00,0,69,19,43
9.645,0.07,0.03,0.05,-0.00,0.00,0.00,-0.01,0.00,0.01,0.00,-0.00,0.00,0,69,20,42
9.654,0.12,0.03,0.08,0.00,0.00,0.00,0.00,0.00,0.02,0.00,-0.00,0.00,0,68,20,42
9.665,0.10,0.04,0.08,0.00,0.00,0.00,0.01,0.01,0.04,0.00,-0.00,0.00,0,66,20,40
9.675,0.09,0.02,0.07,-0.00,0.00,-0.00,0.00,0.01,0.00,0.00,0.00,0.00,0,66,20,42
9.685,0.08,0.03,0.06,0.00,0.00,0.00,0.00,0.00,0.01,0.00,0.00,0.00,0,68,19,42
9.694,0.08,0.02,0.05,-0.00,0.00,0.00,-0.04,0.00,0.04,0.00,0.00,0.00,0,67,19,42
9.705,0.07,0.02,0.07,0.00,0.00,0.00,-0.02,0.01,0.04,-0.00,0.00,0.00,0,67,20,41
9.715,0.05,0.02,0.06,0.00,-0.00,-0.00,-0.01,0.03,0.05,-0.00,-0.00,0.00,0,66,19,40
9.725,0.09,0.07,0.06,0.00,-0.00,-0.00,-0.01,0.00,0.00,0.00,-0.00,0.00,0,68,20,42
9.735,0.09,0.02,0.08,0.00,-0.00,-0.00,0.00,0.00,0.01,0.00,-0.01,0.00,0,68,20,42
9.745,0.11,0.03,0.06,0.00,-0.00,-0.00,0.00,0.00,0.00,0.00,0.00,0.00,0,67,20,42
9.755,0.11,0.01,0.08,0.00,-0.00,0.00,0.00,0.00,0.02,0.00,0.00,0.00,0,67,20,42
9.765,0.08,0.04,0.09,-0.00,0.00,0.00,-0.01,0.00,0.05,0.00,0.00,0.00,0,66,20,42
9.775,0.10,0.02,0.09,0.00,-0.00,0.00,0.00,0.00,0.01,0.00,0.01,-0.00,0,66,20,41
9.784,0.09,0.02,0.07,-0.00,-0.00,0.00,0.00,0.00,0.03,0.00,0.00,-0.00,0,66,20,40
9.795,0.08,0.01,0.07,-0.00,0.00,-0.00,-0.01,0.00,0.01,-0.00,0.00,-0.00,0,66,20,42
9.805,0.08,0.02,0.04,0.00,0.00,0.00,0.00,-0.01,0.02,0.00,-0.01,0.00,0,67,19,42
9.815,0.07,0.05,0.06,0.00,0.00,0.00,0.01,-0.01,0.03,0.00,-0.00,0.00,0,65,20,41
9.825,0.07,0.02,0.08,-0.00,0.00,0.00,0.00,0.00,0.00,0.00,-0.00,-0.00,0,67,19,41
9.835,0.07,0.04,0.08,-0.00,-0.00,-0.00,0.00,0.00,0.00,-0.00,0.00,-0.00,0,66,19,42
9.845,0.12,0.04,0.05,-0.00,0.00,0.00,0.00,0.00,0.03,-0.00,-0.00,0.00,0,67,20,42
9.855,0.08,0.02,0.05,0.00,0.00,0.00,-0.02,0.00,0.04,0.00,0.00,-0.00,0,66,20,42
9.865,0.07,0.02,0.07,-0.00,0.00,0.00,0.00,0.00,0.04,0.00,0.00,-0.00,0,66,20,41
9.876,0.06,0.02,0.08,-0.00,-0.00,0.00,-0.01,0.01,0.02,-0.00,0.00,0.00,0,66,19,43
9.886,0.09,0.05,0.08,0.00,0.00,0.00,-0.01,-0.01,0.01,0.00,0.00,-0.00,0,65,19,40
9.896,0.11,0.01,0.06,0.00,0.00,-0.00,0.00,0.00,0.01,-0.00,0.00,-0.00,0,66,20,43
9.905,0.08,0.03,0.06,0.00,0.00,0.00,0.00,0.00,0.02,0.00,-0.00,0.00,0,68,20,43
9.916,0.08,0.03,0.07,-0.00,-0.00,0.00,0.00,0.03,0.00,0.00,-0.00,0.00,0,66,20,43
9.926,0.09,0.01,0.07,-0.00,0.00,0.00,0.00,0.00,0.00,0.00,0.00,-0.00,0,67,19,45
9.936,0.11,0.04,0.05,-0.00,0.00,0.00,0.01,-0.01,0.00,0.00,-0.00,0.00,0,67,20,43
9.946,0.11,0.05,0.05,0.00,-0.00,0.00,0.00,0.00,0.00,0.00,0.00,-0.00,0,69,20,44
9.957,0.11,0.05,0.07,0.00,0.00,-0.00,0.00,0.01,0.05,-0.00,0.00,-0.00,0,68,19,43
9.966,0.08,0.02,0.06,0.00,-0.00,-0.00,-0.01,0.01,0.04,-0.00,0.00,-0.00,0,67,19,42
9.976,0.08,0.05,0.06,0.00,0.00,0.00,-0.01,0.01,0.03,0.00,0.00,0.00,0,68,20,43
9.986,0.10,0.03,0.08,0.00,-0.00,0.00,-0.02,-0.01,0.05,0.00,-0.00,0.00,0,68,19,43
9.996,0.10,0.02,0.07,-0.00,0.00,0.00,0.00,0.00,0.04,0.00,-0.00,0.00,0,68,20,45
10.007,0.08,0.03,0.04,-0.00,0.00,-0.00,0.00,0.00,0.04,0.00,-0.00,-0.00,0,68,19,42
10.017,0.12,0.02,0.08,0.00,0.00,0.00,0.00,0.01,0.02,-0.00,0.00,-0.00,0,68,20,44
10.026,0.10,0.02,0.10,0.00,0.00,-0.00,0.00,0.00,-0.01,0.00,0.00,-0.00,0,68,21,43
10.036,0.09,0.04,0.06,-0.00,0.00,-0.00,0.00,0.01,0.01,0.00,0.00,-0.00,0,69,19,43
10.047,0.05,0.02,0.06,-0.00,0.00,0.00,-0.01,0.00,0.02,-0.00,0.00,0.00,0,67,20,42
10.058,0.07,0.04,0.06,0.00,0.00,0.00,-0.03,0.01,0.05,0.00,0.00,0.00,0,67,20,42
10.067,0.10,0.01,0.06,0.00,0.00,0.00,-0.03,0.00,0.04,0.00,0.00,0.00,0,66,20,41
10.078,0.08,0.04,0.08,0.00,-0.00,0.00,-0.02,0.00,0.00,0.00,-0.00,-0.00,0,67,20,42
10.090,0.08,0.02,0.06,0.00,0.00,0.00,0.00,0.00,0.01,0.00,-0.00,-0.00,0,67,20,42
10.102,0.07,0.05,0.06,0.00,0.00,0.00,0.02,0.02,0.04,-0.00,-0.00,0.00,0,67,19,41
10.115,0.10,0.02,0.06,0.00,-0.00,-0.00,0.00,0.00,0.03,-0.00,0.00,0.00,0,66,20,40
10.127,0.10,0.02,0.08,-0.00,0.00,0.00,-0.02,0.00,0.04,0.00,-0.00,0.00,0,67,20,42
10.137,0.09,0.02,0.09,0.00,0.00,0.00,0.00,0.00,0.02,0.00,-0.00,0.00,0,66,19,41
10.148,0.09,0.03,0.02,0.00,0.00,0.00,0.00,0.04,0.04,-0.00,-0.00,-0.00,0,66,20,40
10.159,0.09,0.00,0.04,0.00,0.00,0.00,0.00,0.02,0.01,-0.00,0.00,-0.00,0,66,20,40
10.168,0.08,0.03,0.08,-0.00,0.00,0.00,0.00,0.00,0.00,0.00,0.00,-0.00,0,65,19,41
10.182,0.10,0.05,0.06,0.00,0.00,-0.00,0.00,0.00,0.03,0.00,0.01,0.00,0,65,19,40
10.195,0.11,0.02,0.08,-0.00